﻿<?xml version="1.0" encoding="utf-8"?>
<bidi:Schema xmlns:bidi="http://schemas.microsoft.com/windows/2010/09/printing/usbbidi">
  <!--Version 3.16-->
  <Property name="Printer">
    <Property name="Configuration">
      <Property name="AdvanceImageControl">
        <Value name="Installed" accessType="Get" type="BIDI_STRING" queryKey="\Printer.Configuration.AdvanceImageControl:Installed;MultiStrCompString;GetSimplePrinterAttributes;hp-image-enhancement-support;advance-image-control=advance-image-control" drvPrinterEvent="true" refreshInterval="86400" />
      </Property>
      <!-- Moved from GDL to UI IPP Bidi
      <Property name="RGBThemes">
				<Value name="Installed" accessType="Get" type="BIDI_STRING" queryKey="\Printer.Configuration.RGBThemes:Installed;MultiStrCompString;GetSimplePrinterAttributes;hp-image-enhancement-support;rgb-color-themes=rgb-color-themes" drvPrinterEvent="true" />
			</Property>
			<Property name="CMYKThemes">
				<Value name="Installed" accessType="Get" type="BIDI_STRING" queryKey="\Printer.Configuration.CMYKThemes:Installed;MultiStrCompString;GetSimplePrinterAttributes;hp-image-enhancement-support;cmyk-color-themes=cmyk-color-themes" drvPrinterEvent="true" />
			</Property>
      -->
      <!-- Query for Edge to Edge Support-->
      <Property name="EdgetoEdge">
        <Value name="Installed" accessType="Get" type="BIDI_STRING" queryKey="\Printer.Configuration.EdgetoEdge:Installed;GetAttributeString;GetSimplePrinterAttributes;hp-edge-to-edge-support;01=true;00=false" drvPrinterEvent="true" refreshInterval="86400" />
      </Property>
      <Property name="StripHeight">
        <Value name="PCLmStripHeightPreferred" accessType="Get" type="BIDI_STRING" queryKey="\Printer.Configuration.StripHeight:PCLmStripHeightPreferred;GetAttributeString;GetSimplePrinterAttributes;pclm-strip-height-preferred;64=64;128=128" drvPrinterEvent="true" refreshInterval="86400" />
      </Property>
      <Property name="AdvanceInkControl">
        <Value name="Installed" accessType="Get" type="BIDI_STRING" queryKey="\Printer.Configuration.AdvanceInkControl:Installed;MultiStrCompString;GetSimplePrinterAttributes;hp-image-enhancement-support;advance-ink-control=advance-ink-control" drvPrinterEvent="true" refreshInterval="86400" />
      </Property>
      <!-- Query for Tab Printing Support-->
      <Property name="TabPrinting">
        <Value name="Installed" accessType="Get" type="BIDI_STRING" queryKey="\Printer.Configuration.TabPrinting:Installed;GetAttributeString;GetSimplePrinterAttributes;tabbed-printing-supported;01=true;00=false" drvPrinterEvent="true" refreshInterval="86400" />
      </Property>
	   <!-- Query for Enhanced Mixed Orientation Support-->
	   <Property name="EnhancedMixedOrientation">
			<Value name="Installed" accessType="Get" type="BIDI_BOOL" queryKey="\Printer.Configuration.EnhancedMixedOrientation:Installed;StrCompBool;GetSimplePrinterAttributes;hp-enhanced-mixed-orientation-supported;01" drvPrinterEvent="true" refreshInterval="86400" />
		</Property>		
      <Property name="EJA">
        <Value name="Installed" accessType="Get" type="BIDI_STRING" queryKey="\Printer.Configuration.EJA:Installed;GetAttributeString;GetSimplePrinterAttributes;hp-job-accounting-quota-supported;01=true;00=false" drvPrinterEvent="true" refreshInterval="86400" />
      </Property>
		
      <Property name="DuplexUnit">
        <Value name="Installed" accessType="Get" type="BIDI_BOOL" queryKey="\Printer.Configuration.DuplexUnit:Installed;MultiStrCompBool;GetSimplePrinterAttributes;sides-supported;two-sided-long-edge;two-sided-short-edge" drvPrinterEvent="true" refreshInterval="86400" />
      </Property>
      <Property name="DuplexByDefault">
        <Value name="Installed" accessType="Get" type="BIDI_STRING" queryKey="\Printer.Configuration.DuplexByDefault:Installed;GetAttributeString;GetSimplePrinterAttributes;hp-default-duplex-standard;01=true;00=false" drvPrinterEvent="true" refreshInterval="86400" />
      </Property>
      <Property name="StorageMedia">
        <Value name="Installed" accessType="Get" type="BIDI_STRING" queryKey="\Printer.Configuration.StorageMedia:Installed;GetAttributeString;GetSimplePrinterAttributes;hp-save-job-storage-available;01=true;00=false" drvPrinterEvent="true" refreshInterval="86400" />
      </Property>
      <Property name="JobStorage">
        <Value name="Installed" accessType="Get" type="BIDI_STRING" queryKey="\Printer.Configuration.JobStorage:Installed;GetAttributeString;GetSimplePrinterAttributes;hp-save-job-storage-available;01=true;00=false" drvPrinterEvent="true" refreshInterval="86400"/>
      </Property>
      <Property name="SecureJobStorage">
        <!--Value name="Supported" accessType="Get" type="BIDI_STRING" queryKey="\Printer.Configuration.SecureJobStorage:Supported;GetAttributeString;GetSimplePrinterAttributes;hp-save-job-encryption-supported;aes128=aes128,aes256;aes256=aes128,aes256" drvPrinterEvent="true" /-->
        <Value name="IsAlphaNumeric" accessType="Get" type="BIDI_STRING" queryKey="\Printer.Configuration.SecureJobStorage:IsAlphaNumeric;GetAttributeString;GetSimplePrinterAttributes;hp-save-job-password-type;numeric=false;alphanumeric=true" drvPrinterEvent="true" refreshInterval="86400" />
        <Value name="PasswordMaxLength" accessType="Get" type="BIDI_STRING" queryKey="\Printer.Configuration.SecureJobStorage:PasswordMaxLength;GetAttributeString;GetSimplePrinterAttributes;hp-save-job-password-max-length" drvPrinterEvent="true" refreshInterval="86400" />
        <Value name="PasswordMinLength" accessType="Get" type="BIDI_STRING" queryKey="\Printer.Configuration.SecureJobStorage:PasswordMinLength;GetAttributeString;GetSimplePrinterAttributes;hp-save-job-password-min-length" drvPrinterEvent="true" refreshInterval="86400" />
      </Property>
      <Property name="Resolution">
        <Value name="150dpi" accessType="Get" type="BIDI_STRING" queryKey="\Printer.Capabilities.Resolution:150dpi;MultiStrCompString;GetSimplePrinterAttributes;printer-resolution-supported;150x150dpi=150" drvPrinterEvent="true" refreshInterval="86400" />
        <Value name="300dpi" accessType="Get" type="BIDI_STRING" queryKey="\Printer.Capabilities.Resolution:300dpi;MultiStrCompString;GetSimplePrinterAttributes;printer-resolution-supported;300x300dpi=300" drvPrinterEvent="true" refreshInterval="86400" />
        <Value name="600dpi" accessType="Get" type="BIDI_STRING" queryKey="\Printer.Capabilities.Resolution:600dpi;MultiStrCompString;GetSimplePrinterAttributes;printer-resolution-supported;600x600dpi=600" drvPrinterEvent="true" refreshInterval="86400" />
        <Value name="1200dpi" accessType="Get" type="BIDI_STRING" queryKey="\Printer.Capabilities.Resolution:1200dpi;MultiStrCompString;GetSimplePrinterAttributes;printer-resolution-supported;1200x1200dpi=1200" drvPrinterEvent="true" refreshInterval="86400" />
      </Property>
      
      <Property name="PrintContract">
        <Value name="VersionMajor" accessType="Get" type="BIDI_STRING" queryKey="\Printer.Configuration.PrintContract:VersionMajor;GetAttributeString;GetSimplePrinterAttributes;hp-pc-version-major" drvPrinterEvent="true" refreshInterval="86400" />
        <Value name="VersionMinor" accessType="Get" type="BIDI_STRING" queryKey="\Printer.Configuration.PrintContract:VersionMinor;GetAttributeString;GetSimplePrinterAttributes;hp-pc-version-minor" drvPrinterEvent="true" refreshInterval="86400" />
      </Property>
      <Property name="PrintQuality">
        <Property name="Draft">
          <Value name="DraftDPI" accessType="Get" type="BIDI_STRING" queryKey="\Printer.Configuration.PrintQuality.Draft:DraftDPI;GetCollectionAttributes;GetSimplePrinterAttributes;hp-print-quality-supported;1;optimal-resolution;300=300,600=600,1200=1200;string" drvPrinterEvent="true" refreshInterval="86400" />
          <Value name="DraftDisplayTag" accessType="Get" type="BIDI_STRING" queryKey="\Printer.Configuration.PrintQuality.Draft:DraftDisplayTag;GetCollectionAttributes;GetSimplePrinterAttributes;hp-print-quality-supported;1;display-string;1000=1000,1002=1002,1003=1003,1004=1004,1005=1005,3000=3000,3001=3001,3002=3002,3003=3003;string" drvPrinterEvent="true" refreshInterval="86400" />
          <Value name="DraftHintTag" accessType="Get" type="BIDI_STRING" queryKey="\Printer.Configuration.PrintQuality.Draft:DraftHintTag;GetCollectionAttributes;GetSimplePrinterAttributes;hp-print-quality-supported;1;imaging-technology;2000=2000,2001=2001,2002=2002,2003=2003,2004=2004,2005=2005,4000=4000,4005=4005,4010=4010,4015=4015;string" drvPrinterEvent="true" refreshInterval="86400" />
        </Property>
        <Property name="Normal">
          <Value name="NormalDPI" accessType="Get" type="BIDI_STRING" queryKey="\Printer.Configuration.PrintQuality.Normal:NormalDPI;GetCollectionAttributes;GetSimplePrinterAttributes;hp-print-quality-supported;2;optimal-resolution;300=300,600=600,1200=1200;string" drvPrinterEvent="true" refreshInterval="86400" />
          <Value name="NormalDisplayTag" accessType="Get" type="BIDI_STRING" queryKey="\Printer.Configuration.PrintQuality.Normal:NormalDisplayTag;GetCollectionAttributes;GetSimplePrinterAttributes;hp-print-quality-supported;2;display-string;1000=1000,1002=1002,1003=1003,1004=1004,1005=1005,3000=3000,3001=3001,3002=3002,3003=3003;string" drvPrinterEvent="true" refreshInterval="86400" />
          <Value name="NormalHintTag" accessType="Get" type="BIDI_STRING" queryKey="\Printer.Configuration.PrintQuality.Normal:NormalHintTag;GetCollectionAttributes;GetSimplePrinterAttributes;hp-print-quality-supported;2;imaging-technology;2000=2000,2001=2001,2002=2002,2003=2003,2004=2004,2005=2005,4000=4000,4005=4005,4010=4010,4015=4015;string" drvPrinterEvent="true" refreshInterval="86400" />
        </Property>
        <Property name="Best">
          <Value name="BestDPI" accessType="Get" type="BIDI_STRING" queryKey="\Printer.Configuration.PrintQuality.Best:BestDPI;GetCollectionAttributes;GetSimplePrinterAttributes;hp-print-quality-supported;3;optimal-resolution;300=300,600=600,1200=1200;string" drvPrinterEvent="true" refreshInterval="86400" />
          <Value name="BestDisplayTag" accessType="Get" type="BIDI_STRING" queryKey="\Printer.Configuration.PrintQuality.Best:BestDisplayTag;GetCollectionAttributes;GetSimplePrinterAttributes;hp-print-quality-supported;3;display-string;1000=1000,1002=1002,1003=1003,1004=1004,1005=1005,3000=3000,3001=3001,3002=3002,3003=3003;string" drvPrinterEvent="true" refreshInterval="86400" />
          <Value name="BestHintTag" accessType="Get" type="BIDI_STRING" queryKey="\Printer.Configuration.PrintQuality.Best:BestHintTag;GetCollectionAttributes;GetSimplePrinterAttributes;hp-print-quality-supported;3;imaging-technology;2000=2000,2001=2001,2002=2002,2003=2003,2004=2004,2005=2005,4000=4000,4005=4005,4010=4010,4015=4015;string" drvPrinterEvent="true" refreshInterval="86400" />
        </Property>
        <Property name="Max">
          <Value name="MaxDPI" accessType="Get" type="BIDI_STRING" queryKey="\Printer.Configuration.PrintQuality.Max:MaxDPI;GetCollectionAttributes;GetSimplePrinterAttributes;hp-print-quality-supported;4;optimal-resolution;300=300,600=600,1200=1200;string" drvPrinterEvent="true" refreshInterval="86400" />
          <Value name="MaxDisplayTag" accessType="Get" type="BIDI_STRING" queryKey="\Printer.Configuration.PrintQuality.Max:MaxDisplayTag;GetCollectionAttributes;GetSimplePrinterAttributes;hp-print-quality-supported;4;display-string;1000=1000,1002=1002,1003=1003,1004=1004,1005=1005,3000=3000,3001=3001,3002=3002,3003=3003;string" drvPrinterEvent="true" refreshInterval="86400" />
          <Value name="MaxHintTag" accessType="Get" type="BIDI_STRING" queryKey="\Printer.Configuration.PrintQuality.Max:MaxHintTag;GetCollectionAttributes;GetSimplePrinterAttributes;hp-print-quality-supported;4;imaging-technology;2000=2000,2001=2001,2002=2002,2003=2003,2004=2004,2005=2005,4000=4000,4005=4005,4010=4010,4015=4015;string" drvPrinterEvent="true" refreshInterval="86400" />
        </Property>
        <Property name="Economode">
          <Value name="EcoDPI" accessType="Get" type="BIDI_STRING" queryKey="\Printer.Configuration.PrintQuality.Economode:EcoDPI;GetCollectionAttributes;GetSimplePrinterAttributes;hp-print-quality-supported;5;optimal-resolution;300=300,600=600,1200=1200;string" drvPrinterEvent="true" refreshInterval="86400" />
          <Value name="EcoSupported" accessType="Get" type="BIDI_STRING" queryKey="\Printer.Configuration.PrintQuality.Economode:EcoSupported;GetCollectionAttributes;GetSimplePrinterAttributes;hp-print-quality-supported;5;display-string;1000=1000,1002=1002,1003=1003,1004=1004,1005=1005,3000=3000,3001=3001,3002=3002,3003=3003;string" drvPrinterEvent="true" refreshInterval="86400" />
          <Value name="EcoHintTag" accessType="Get" type="BIDI_STRING" queryKey="\Printer.Configuration.PrintQuality.Economode:EcoHintTag;GetCollectionAttributes;GetSimplePrinterAttributes;hp-print-quality-supported;5;imaging-technology;2000=2000,2001=2001,2002=2002,2003=2003,2004=2004,2005=2005,4000=4000,4005=4005,4010=4010,4015=4015;string" drvPrinterEvent="true" refreshInterval="86400" />
        </Property>
        <Property name="StandardType1">
          <Value name="Supported" accessType="Get" type="BIDI_STRING" queryKey="\Printer.Configuration.PrintQuality.StandardType1:Supported;GetCollectionAttributes;GetSimplePrinterAttributes;hp-print-quality-supported;1;type;3=true,4=true,5=true,10=true,11=true;string" drvPrinterEvent="true" refreshInterval="86400"/>
          <Value name="Name" accessType="Get" type="BIDI_STRING" queryKey="\Printer.Configuration.PrintQuality.StandardType1:Name;GetCollectionAttributes;GetSimplePrinterAttributes;hp-print-quality-supported;1;type;3=Draft,4=Normal,5=High,10=Max,11=Economode;string" drvPrinterEvent="true" refreshInterval="86400"/>
          <Value name="OptimalResolution" accessType="Get" type="BIDI_STRING" queryKey="\Printer.Configuration.PrintQuality.StandardType1:OptimalResolution;GetCollectionAttributes;GetSimplePrinterAttributes;hp-print-quality-supported;1;optimal-resolution;150=150,300=300,600=600,1200=1200;string" drvPrinterEvent="true" refreshInterval="86400"/>
          <Value name="ImageTechnology" accessType="Get" type="BIDI_STRING" queryKey="\Printer.Configuration.PrintQuality.StandardType1:ImageTechnology;GetCollectionAttributes;GetSimplePrinterAttributes;hp-print-quality-supported;1;imaging-technology;2000=2000,2001=2001,2002=2002,2003=2003,2004=2004,2005=2005,4000=4000,4005=4005,4010=4010,4015=4015,4020=4020,4030=4030,4040=4040,4050=4050,4060=4060,4070=4070,4080=4080,4090=4090,5000=5000,3=3,4=4,5=5,10=10,11=11;string" drvPrinterEvent="true" refreshInterval="86400"/>
          <Value name="DisplayTag" accessType="Get" type="BIDI_STRING" queryKey="\Printer.Configuration.PrintQuality.StandardType1:DisplayTag;GetCollectionAttributes;GetSimplePrinterAttributes;hp-print-quality-supported;1;display-string;1000=1000,1002=1002,1003=1003,1004=1004,1005=1005,1007=1007,1008=1008,1009=1009,1010=1010,3000=3000,3001=3001,3002=3002,3003=3003,3020=3020,3030=3030,3035=3035,3040=3040,3050=3050,3060=3060,3065=3065,3070=3070,3075=3075,3080=3080,3085=3085,3=3,4=4,5=5,10=10,11=11;string" drvPrinterEvent="true" refreshInterval="86400"/>
          <Value name="PQMode" accessType="Get" type="BIDI_STRING" queryKey="\Printer.Configuration.PrintQuality.StandardType1:PQMode;GetCollectionAttributes;GetSimplePrinterAttributes;hp-print-quality-supported;1;pq-mode;1=1,2=2,3=3,4=4,5=5,6=6,7=7;string" drvPrinterEvent="true" refreshInterval="86400"/>
        </Property>
        <Property name="StandardType2">
          <Value name="Supported" accessType="Get" type="BIDI_STRING" queryKey="\Printer.Configuration.PrintQuality.StandardType2:Supported;GetCollectionAttributes;GetSimplePrinterAttributes;hp-print-quality-supported;2;type;3=true,4=true,5=true,10=true,11=true;string" drvPrinterEvent="true" refreshInterval="86400"/>
          <Value name="Name" accessType="Get" type="BIDI_STRING" queryKey="\Printer.Configuration.PrintQuality.StandardType2:Name;GetCollectionAttributes;GetSimplePrinterAttributes;hp-print-quality-supported;2;type;3=Draft,4=Normal,5=High,10=Max,11=Economode;string" drvPrinterEvent="true" refreshInterval="86400"/>
          <Value name="OptimalResolution" accessType="Get" type="BIDI_STRING" queryKey="\Printer.Configuration.PrintQuality.StandardType2:OptimalResolution;GetCollectionAttributes;GetSimplePrinterAttributes;hp-print-quality-supported;2;optimal-resolution;150=150,300=300,600=600,1200=1200;string" drvPrinterEvent="true" refreshInterval="86400"/>
          <Value name="ImageTechnology" accessType="Get" type="BIDI_STRING" queryKey="\Printer.Configuration.PrintQuality.StandardType2:ImageTechnology;GetCollectionAttributes;GetSimplePrinterAttributes;hp-print-quality-supported;2;imaging-technology;2000=2000,2001=2001,2002=2002,2003=2003,2004=2004,2005=2005,4000=4000,4005=4005,4010=4010,4015=4015,4020=4020,4030=4030,4040=4040,4050=4050,4060=4060,4070=4070,4080=4080,4090=4090,5000=5000,3=3,4=4,5=5,10=10,11=11;string" drvPrinterEvent="true" refreshInterval="86400"/>
          <Value name="DisplayTag" accessType="Get" type="BIDI_STRING" queryKey="\Printer.Configuration.PrintQuality.StandardType2:DisplayTag;GetCollectionAttributes;GetSimplePrinterAttributes;hp-print-quality-supported;2;display-string;1000=1000,1002=1002,1003=1003,1004=1004,1005=1005,1007=1007,1008=1008,1009=1009,1010=1010,3000=3000,3001=3001,3002=3002,3003=3003,3020=3020,3030=3030,3035=3035,3040=3040,3050=3050,3060=3060,3065=3065,3070=3070,3075=3075,3080=3080,3085=3085,3=3,4=4,5=5,10=10,11=11;string" drvPrinterEvent="true" refreshInterval="86400"/>
          <Value name="PQMode" accessType="Get" type="BIDI_STRING" queryKey="\Printer.Configuration.PrintQuality.StandardType2:PQMode;GetCollectionAttributes;GetSimplePrinterAttributes;hp-print-quality-supported;2;pq-mode;1=1,2=2,3=3,4=4,5=5,6=6,7=7;string" drvPrinterEvent="true" refreshInterval="86400"/>
        </Property>
        <Property name="StandardType3">
          <Value name="Supported" accessType="Get" type="BIDI_STRING" queryKey="\Printer.Configuration.PrintQuality.StandardType3:Supported;GetCollectionAttributes;GetSimplePrinterAttributes;hp-print-quality-supported;3;type;3=true,4=true,5=true,10=true,11=true;string" drvPrinterEvent="true" refreshInterval="86400"/>
          <Value name="Name" accessType="Get" type="BIDI_STRING" queryKey="\Printer.Configuration.PrintQuality.StandardType3:Name;GetCollectionAttributes;GetSimplePrinterAttributes;hp-print-quality-supported;3;type;3=Draft,4=Normal,5=High,10=Max,11=Economode;string" drvPrinterEvent="true" refreshInterval="86400"/>
          <Value name="OptimalResolution" accessType="Get" type="BIDI_STRING" queryKey="\Printer.Configuration.PrintQuality.StandardType3:OptimalResolution;GetCollectionAttributes;GetSimplePrinterAttributes;hp-print-quality-supported;3;optimal-resolution;150=150,300=300,600=600,1200=1200;string" drvPrinterEvent="true" refreshInterval="86400"/>
          <Value name="ImageTechnology" accessType="Get" type="BIDI_STRING" queryKey="\Printer.Configuration.PrintQuality.StandardType3:ImageTechnology;GetCollectionAttributes;GetSimplePrinterAttributes;hp-print-quality-supported;3;imaging-technology;2000=2000,2001=2001,2002=2002,2003=2003,2004=2004,2005=2005,4000=4000,4005=4005,4010=4010,4015=4015,4020=4020,4030=4030,4040=4040,4050=4050,4060=4060,4070=4070,4080=4080,4090=4090,5000=5000,3=3,4=4,5=5,10=10,11=11;string" drvPrinterEvent="true" refreshInterval="86400"/>
          <Value name="DisplayTag" accessType="Get" type="BIDI_STRING" queryKey="\Printer.Configuration.PrintQuality.StandardType3:DisplayTag;GetCollectionAttributes;GetSimplePrinterAttributes;hp-print-quality-supported;3;display-string;1000=1000,1002=1002,1003=1003,1004=1004,1005=1005,1007=1007,1008=1008,1009=1009,1010=1010,3000=3000,3001=3001,3002=3002,3003=3003,3020=3020,3030=3030,3035=3035,3040=3040,3050=3050,3060=3060,3065=3065,3070=3070,3075=3075,3080=3080,3085=3085,3=3,4=4,5=5,10=10,11=11;string" drvPrinterEvent="true" refreshInterval="86400"/>
          <Value name="PQMode" accessType="Get" type="BIDI_STRING" queryKey="\Printer.Configuration.PrintQuality.StandardType3:PQMode;GetCollectionAttributes;GetSimplePrinterAttributes;hp-print-quality-supported;3;pq-mode;1=1,2=2,3=3,4=4,5=5,6=6,7=7;string" drvPrinterEvent="true" refreshInterval="86400"/>
        </Property>
        <Property name="StandardType4">
          <Value name="Supported" accessType="Get" type="BIDI_STRING" queryKey="\Printer.Configuration.PrintQuality.StandardType4:Supported;GetCollectionAttributes;GetSimplePrinterAttributes;hp-print-quality-supported;4;type;3=true,4=true,5=true,10=true,11=true;string" drvPrinterEvent="true" refreshInterval="86400"/>
          <Value name="Name" accessType="Get" type="BIDI_STRING" queryKey="\Printer.Configuration.PrintQuality.StandardType4:Name;GetCollectionAttributes;GetSimplePrinterAttributes;hp-print-quality-supported;4;type;3=Draft,4=Normal,5=High,10=Max,11=Economode;string" drvPrinterEvent="true" refreshInterval="86400"/>
          <Value name="OptimalResolution" accessType="Get" type="BIDI_STRING" queryKey="\Printer.Configuration.PrintQuality.StandardType4:OptimalResolution;GetCollectionAttributes;GetSimplePrinterAttributes;hp-print-quality-supported;4;optimal-resolution;150=150,300=300,600=600,1200=1200;string" drvPrinterEvent="true" refreshInterval="86400"/>
          <Value name="ImageTechnology" accessType="Get" type="BIDI_STRING" queryKey="\Printer.Configuration.PrintQuality.StandardType4:ImageTechnology;GetCollectionAttributes;GetSimplePrinterAttributes;hp-print-quality-supported;4;imaging-technology;2000=2000,2001=2001,2002=2002,2003=2003,2004=2004,2005=2005,4000=4000,4005=4005,4010=4010,4015=4015,4020=4020,4030=4030,4040=4040,4050=4050,4060=4060,4070=4070,4080=4080,4090=4090,5000=5000,3=3,4=4,5=5,10=10,11=11;string" drvPrinterEvent="true" refreshInterval="86400"/>
          <Value name="DisplayTag" accessType="Get" type="BIDI_STRING" queryKey="\Printer.Configuration.PrintQuality.StandardType4:DisplayTag;GetCollectionAttributes;GetSimplePrinterAttributes;hp-print-quality-supported;4;display-string;1000=1000,1002=1002,1003=1003,1004=1004,1005=1005,1007=1007,1008=1008,1009=1009,1010=1010,3000=3000,3001=3001,3002=3002,3003=3003,3020=3020,3030=3030,3035=3035,3040=3040,3050=3050,3060=3060,3065=3065,3070=3070,3075=3075,3080=3080,3085=3085,3=3,4=4,5=5,10=10,11=11;string" drvPrinterEvent="true" refreshInterval="86400"/>
          <Value name="PQMode" accessType="Get" type="BIDI_STRING" queryKey="\Printer.Configuration.PrintQuality.StandardType4:PQMode;GetCollectionAttributes;GetSimplePrinterAttributes;hp-print-quality-supported;4;pq-mode;1=1,2=2,3=3,4=4,5=5,6=6,7=7;string" drvPrinterEvent="true" refreshInterval="86400"/>
        </Property>
        <Property name="StandardType5">
          <Value name="Supported" accessType="Get" type="BIDI_STRING" queryKey="\Printer.Configuration.PrintQuality.StandardType5:Supported;GetCollectionAttributes;GetSimplePrinterAttributes;hp-print-quality-supported;5;type;3=true,4=true,5=true,10=true,11=true;string" drvPrinterEvent="true" refreshInterval="86400"/>
          <Value name="Name" accessType="Get" type="BIDI_STRING" queryKey="\Printer.Configuration.PrintQuality.StandardType5:Name;GetCollectionAttributes;GetSimplePrinterAttributes;hp-print-quality-supported;5;type;3=Draft,4=Normal,5=High,10=Max,11=Economode;string" drvPrinterEvent="true" refreshInterval="86400"/>
          <Value name="OptimalResolution" accessType="Get" type="BIDI_STRING" queryKey="\Printer.Configuration.PrintQuality.StandardType5:OptimalResolution;GetCollectionAttributes;GetSimplePrinterAttributes;hp-print-quality-supported;5;optimal-resolution;150=150,300=300,600=600,1200=1200;string" drvPrinterEvent="true" refreshInterval="86400"/>
          <Value name="ImageTechnology" accessType="Get" type="BIDI_STRING" queryKey="\Printer.Configuration.PrintQuality.StandardType5:ImageTechnology;GetCollectionAttributes;GetSimplePrinterAttributes;hp-print-quality-supported;5;imaging-technology;2000=2000,2001=2001,2002=2002,2003=2003,2004=2004,2005=2005,4000=4000,4005=4005,4010=4010,4015=4015,4020=4020,4030=4030,4040=4040,4050=4050,4060=4060,4070=4070,4080=4080,4090=4090,5000=5000,3=3,4=4,5=5,10=10,11=11;string" drvPrinterEvent="true" refreshInterval="86400"/>
          <Value name="DisplayTag" accessType="Get" type="BIDI_STRING" queryKey="\Printer.Configuration.PrintQuality.StandardType5:DisplayTag;GetCollectionAttributes;GetSimplePrinterAttributes;hp-print-quality-supported;5;display-string;1000=1000,1002=1002,1003=1003,1004=1004,1005=1005,1007=1007,1008=1008,1009=1009,1010=1010,3000=3000,3001=3001,3002=3002,3003=3003,3020=3020,3030=3030,3035=3035,3040=3040,3050=3050,3060=3060,3065=3065,3070=3070,3075=3075,3080=3080,3085=3085,3=3,4=4,5=5,10=10,11=11;string" drvPrinterEvent="true" refreshInterval="86400"/>
          <Value name="PQMode" accessType="Get" type="BIDI_STRING" queryKey="\Printer.Configuration.PrintQuality.StandardType5:PQMode;GetCollectionAttributes;GetSimplePrinterAttributes;hp-print-quality-supported;5;pq-mode;1=1,2=2,3=3,4=4,5=5,6=6,7=7;string" drvPrinterEvent="true" refreshInterval="86400"/>
        </Property>
      </Property>
      <Property name="EasyColorDefaultSupport">
        <Value name="Installed" accessType="Get" type="BIDI_STRING" queryKey="\Printer.Configuration.EasyColorDefaultSupport:Installed;MultiStrCompString;GetSimplePrinterAttributes;hp-easycolor-default;ec-off=ECOff;ec-conservative=ECConservative;ec-auto=ECAuto;string" drvPrinterEvent="true" refreshInterval="86400"/>
      </Property>
    </Property>
    <!-- Query for Status-->
    <Property name="Status">
      <Property name="Summary">
        <Value name="StateReason" accessType="Get" type="BIDI_STRING" queryKey="\Printer.Status.Summary:StateReason;GetAttributeString;GetSimplePrinterAttributes;printer-state-reasons" drvPrinterEvent="true" />
      </Property>
    </Property>
    <Property name="DeviceInfo">
      <Property name="PagesPerMinute">
          <!-- PCv1.0 -->
          <Value name="Value" accessType="Get" type="BIDI_STRING" queryKey="\Printer.DeviceInfo.PagesPerMinute:Value;GetAttributeString;GetSimplePrinterAttributes;pages-per-minute" drvPrinterEvent="true" refreshInterval="86400" />
      </Property>
      <Property name="SecureEncryptJobStorage">
        <Value name="Supported" accessType="Get" type="BIDI_STRING" queryKey="\Printer.DeviceInfo.SecureEncryptJobStorage:Supported;GetAttributeValue;GetSimplePrinterAttributes;hp-save-job-encryption-supported" drvPrinterEvent="true" refreshInterval="86400" />
        </Property>
    	<!-- PCv0.81 Feature Access Control queries Start-->
	    <Property name="FeatureAccessControl">
		  <Value name="Supported" accessType="Get" type="BIDI_STRING" queryKey= "\Printer.DeviceInfo.FeatureAccessControl:Supported;GetAttributeValue;GetSimplePrinterAttributes;hp-print-feature-control-by-user-permission" drvPrinterEvent="true" refreshInterval="86400"/>
	    </Property>
	    <!-- PCv0.81 Feature Access Control queries End-->
	    <!-- PCv0.81 Feature Access Control by Local Quota queries Start-->
	    <Property name="FeatureAccessControlByLocalQuota">
	      <Value name="Supported" accessType="Get" type="BIDI_STRING" queryKey= "\Printer.DeviceInfo.FeatureAccessControlByLocalQuota:Supported;GetAttributeValue;GetSimplePrinterAttributes;hp-print-feature-control-by-local-quota" drvPrinterEvent="true" refreshInterval="86400"/>
	    </Property>
	    <!-- PCv0.81 Feature Access Control by Local Quota queries End-->
      </Property>
    <!-- Query for Color-->
    <Property name="Consumables">
      <Property name="Color003">
        <Value name="Name" accessType="Get" type="BIDI_STRING" queryKey="\Printer.Consumables.Color003:Name;MultiStrCompString;GetSimplePrinterAttributes;print-color-mode-supported;color=cyan" drvPrinterEvent="true" refreshInterval="86400" />
      </Property>
      <Property name="Color001">
        <Value name="Name" accessType="Get" type="BIDI_STRING" queryKey="\Printer.Consumables.Color001:Name;MultiStrCompString;GetSimplePrinterAttributes;print-color-mode-supported;auto=Black" drvPrinterEvent="true" refreshInterval="86400" />
      </Property>
      <Property name="GrayscaleSupport">
        <Value name="Installed" accessType="Get" type="BIDI_STRING" queryKey="\Printer.Consumables.GrayscaleSupport:Installed;MultiStrCompString;GetSimplePrinterAttributes;print-color-mode-supported;auto-monochrome=process-black" drvPrinterEvent="true" refreshInterval="86400" />
      </Property>
    </Property>
    <!-- Query for InputBins-->
    <Property name="Layout">
      <Property name="InputBins">
        <Property name="PhotoTrayUnit002">
          <Value name="Installed" accessType="Get" type="BIDI_BOOL" queryKey="\Printer.Layout.InputBins.PhotoTrayUnit002:Installed;GetOctetStringValues2;GetSimplePrinterAttributes;printer-input-tray;PhotoTray" drvPrinterEvent="true" refreshInterval="86400" />
        </Property>
        <Property name="Tray001">
					<Value name="Installed" accessType="Get" type="BIDI_BOOL" queryKey="\Printer.Layout.InputBins.Tray001:Installed;GetOctetStringValues2;GetSimplePrinterAttributes;printer-input-tray;Tray 1" drvPrinterEvent="true" refreshInterval="86400"/>
					<Value name="MediaType" accessType="Get" type="BIDI_STRING" queryKey="\Printer.Layout.InputBins.Tray001:MediaType;GetAttributeString;GetTrayAttributes;media-col-default;auto;media-type" drvPrinterEvent="true" refreshInterval="86400"/>
					<Value name="MediaSize" accessType="Get" type="BIDI_STRING" queryKey="\Printer.Layout.InputBins.Tray001:MediaSize;GetAttributeString;GetTrayAttributes;media-col-default;auto;media-size.media-size-name" drvPrinterEvent="true" refreshInterval="86400"/>
					<Value name="FeedDirection" accessType="Get" type="BIDI_STRING" queryKey="\Printer.Layout.InputBins.Tray001:FeedDirection;GetAttributeString;GetTrayAttributes;media-col-default;auto;media-source-properties.media-source-feed-direction" drvPrinterEvent="true" refreshInterval="86400"/>
					<Value name="Capacity" accessType="Get" type="BIDI_STRING" queryKey="\Printer.Layout.InputBins.Tray001:Capacity;GetOctetStringValues;GetSimplePrinterAttributes;printer-input-tray;Tray 1;maxcapacity" drvPrinterEvent="true" refreshInterval="86400"/>
					<Value name="Level" accessType="Get" type="BIDI_STRING" queryKey="\Printer.Layout.InputBins.Tray001:Level;GetOctetStringValues;GetSimplePrinterAttributes;printer-input-tray;Tray 1;level" drvPrinterEvent="true" refreshInterval="86400"/>
				</Property>
				<Property name="Tray002">
					<Value name="Installed" accessType="Get" type="BIDI_BOOL" queryKey="\Printer.Layout.InputBins.Tray002:Installed;GetOctetStringValues2;GetSimplePrinterAttributes;printer-input-tray;Tray 2" drvPrinterEvent="true" refreshInterval="86400"/>
					<Value name="MediaType" accessType="Get" type="BIDI_STRING" queryKey="\Printer.Layout.InputBins.Tray002:MediaType;GetAttributeString;GetTrayAttributes;media-col-ready;tray-2;media-type" drvPrinterEvent="true" refreshInterval="86400"/>
					<Value name="MediaSize" accessType="Get" type="BIDI_STRING" queryKey="\Printer.Layout.InputBins.Tray002:MediaSize;GetAttributeString;GetTrayAttributes;media-col-ready;tray-2;media-size.media-size-name" drvPrinterEvent="true" refreshInterval="86400"/>
					<Value name="FeedDirection" accessType="Get" type="BIDI_STRING" queryKey="\Printer.Layout.InputBins.Tray002:FeedDirection;GetAttributeString;GetTrayAttributes;media-col-ready;tray-2;media-source-properties.media-source-feed-direction" drvPrinterEvent="true" refreshInterval="86400"/>
					<Value name="Capacity" accessType="Get" type="BIDI_STRING" queryKey="\Printer.Layout.InputBins.Tray002:Capacity;GetOctetStringValues;GetSimplePrinterAttributes;printer-input-tray;Tray 2;maxcapacity" drvPrinterEvent="true" refreshInterval="86400"/>
					<Value name="Level" accessType="Get" type="BIDI_STRING" queryKey="\Printer.Layout.InputBins.Tray002:Level;GetOctetStringValues;GetSimplePrinterAttributes;printer-input-tray;Tray 2;level" drvPrinterEvent="true" refreshInterval="86400"/>
				</Property>
        <Property name="Tray003">
          <Value name="Installed" accessType="Get" type="BIDI_BOOL" queryKey="\Printer.Layout.InputBins.Tray003:Installed;GetOctetStringValues2;GetSimplePrinterAttributes;printer-input-tray;Tray 3" drvPrinterEvent="true" refreshInterval="86400" />
          <Value name="MediaType" accessType="Get" type="BIDI_STRING" queryKey="\Printer.Layout.InputBins.Tray003:MediaType;GetAttributeString;GetTrayAttributes;media-col-ready;tray-3;media-type" drvPrinterEvent="true" refreshInterval="86400" />
          <Value name="MediaSize" accessType="Get" type="BIDI_STRING" queryKey="\Printer.Layout.InputBins.Tray003:MediaSize;GetAttributeString;GetTrayAttributes;media-col-ready;tray-3;media-size.media-size-name" drvPrinterEvent="true" refreshInterval="86400" />
          <Value name="FeedDirection" accessType="Get" type="BIDI_STRING" queryKey="\Printer.Layout.InputBins.Tray003:FeedDirection;GetAttributeString;GetTrayAttributes;media-col-ready;tray-3;media-source-properties.media-source-feed-direction" drvPrinterEvent="true"  refreshInterval="86400"/>
          <Value name="Capacity" accessType="Get" type="BIDI_STRING" queryKey="\Printer.Layout.InputBins.Tray003:Capacity;GetOctetStringValues;GetSimplePrinterAttributes;printer-input-tray;Tray 3;maxcapacity" drvPrinterEvent="true" refreshInterval="86400" />
          <Value name="Level" accessType="Get" type="BIDI_STRING" queryKey="\Printer.Layout.InputBins.Tray003:Level;GetOctetStringValues;GetSimplePrinterAttributes;printer-input-tray;Tray 3;level" drvPrinterEvent="true" refreshInterval="86400" />
        </Property>
        <Property name="Tray005">
          <Value name="Installed" accessType="Get" type="BIDI_BOOL" queryKey="\Printer.Layout.InputBins.Tray005:Installed;GetOctetStringValues2;GetSimplePrinterAttributes;printer-input-tray;Tray 4" drvPrinterEvent="true" refreshInterval="86400" />
          <Value name="MediaType" accessType="Get" type="BIDI_STRING" queryKey="\Printer.Layout.InputBins.Tray005:MediaType;GetAttributeString;GetTrayAttributes;media-col-ready;tray-4;media-type" drvPrinterEvent="true" refreshInterval="86400" />
          <Value name="MediaSize" accessType="Get" type="BIDI_STRING" queryKey="\Printer.Layout.InputBins.Tray005:MediaSize;GetAttributeString;GetTrayAttributes;media-col-ready;tray-4;media-size.media-size-name" drvPrinterEvent="true" refreshInterval="86400" />
          <Value name="FeedDirection" accessType="Get" type="BIDI_STRING" queryKey="\Printer.Layout.InputBins.Tray005:FeedDirection;GetAttributeString;GetTrayAttributes;media-col-ready;tray-4;media-source-properties.media-source-feed-direction" drvPrinterEvent="true" refreshInterval="86400" />
          <Value name="Capacity" accessType="Get" type="BIDI_STRING" queryKey="\Printer.Layout.InputBins.Tray005:Capacity;GetOctetStringValues;GetSimplePrinterAttributes;printer-input-tray;Tray 4;maxcapacity" drvPrinterEvent="true" refreshInterval="86400" />
          <Value name="Level" accessType="Get" type="BIDI_STRING" queryKey="\Printer.Layout.InputBins.Tray005:Level;GetOctetStringValues;GetSimplePrinterAttributes;printer-input-tray;Tray 4;level" drvPrinterEvent="true" refreshInterval="86400" />
        </Property>
        <Property name="Tray006">
          <Value name="Installed" accessType="Get" type="BIDI_BOOL" queryKey="\Printer.Layout.InputBins.Tray006:Installed;GetOctetStringValues2;GetSimplePrinterAttributes;printer-input-tray;Tray 5" drvPrinterEvent="true" refreshInterval="86400" />
          <Value name="MediaType" accessType="Get" type="BIDI_STRING" queryKey="\Printer.Layout.InputBins.Tray006:MediaType;GetAttributeString;GetTrayAttributes;media-col-ready;tray-5;media-type" drvPrinterEvent="true" refreshInterval="86400" />
          <Value name="MediaSize" accessType="Get" type="BIDI_STRING" queryKey="\Printer.Layout.InputBins.Tray006:MediaSize;GetAttributeString;GetTrayAttributes;media-col-ready;tray-5;media-size.media-size-name" drvPrinterEvent="true" refreshInterval="86400" />
          <Value name="FeedDirection" accessType="Get" type="BIDI_STRING" queryKey="\Printer.Layout.InputBins.Tray006:FeedDirection;GetAttributeString;GetTrayAttributes;media-col-ready;tray-5;media-source-properties.media-source-feed-direction" drvPrinterEvent="true" refreshInterval="86400" />
          <Value name="Capacity" accessType="Get" type="BIDI_STRING" queryKey="\Printer.Layout.InputBins.Tray006:Capacity;GetOctetStringValues;GetSimplePrinterAttributes;printer-input-tray;Tray 5;maxcapacity" drvPrinterEvent="true" refreshInterval="86400" />
          <Value name="Level" accessType="Get" type="BIDI_STRING" queryKey="\Printer.Layout.InputBins.Tray006:Level;GetOctetStringValues;GetSimplePrinterAttributes;printer-input-tray;Tray 5;level" drvPrinterEvent="true" refreshInterval="86400" />
        </Property>
        <Property name="Tray007">
          <Value name="Installed" accessType="Get" type="BIDI_BOOL" queryKey="\Printer.Layout.InputBins.Tray007:Installed;GetOctetStringValues2;GetSimplePrinterAttributes;printer-input-tray;Tray 6" drvPrinterEvent="true" refreshInterval="86400" />
          <Value name="MediaType" accessType="Get" type="BIDI_STRING" queryKey="\Printer.Layout.InputBins.Tray007:MediaType;GetAttributeString;GetTrayAttributes;media-col-ready;tray-6;media-type" drvPrinterEvent="true" refreshInterval="86400" />
          <Value name="MediaSize" accessType="Get" type="BIDI_STRING" queryKey="\Printer.Layout.InputBins.Tray007:MediaSize;GetAttributeString;GetTrayAttributes;media-col-ready;tray-6;media-size.media-size-name" drvPrinterEvent="true" refreshInterval="86400" />
          <Value name="FeedDirection" accessType="Get" type="BIDI_STRING" queryKey="\Printer.Layout.InputBins.Tray007:FeedDirection;GetAttributeString;GetTrayAttributes;media-col-ready;tray-6;media-source-properties.media-source-feed-direction" drvPrinterEvent="true" refreshInterval="86400" />
          <Value name="Capacity" accessType="Get" type="BIDI_STRING" queryKey="\Printer.Layout.InputBins.Tray007:Capacity;GetOctetStringValues;GetSimplePrinterAttributes;printer-input-tray;Tray 6;maxcapacity" drvPrinterEvent="true" refreshInterval="86400" />
          <Value name="Level" accessType="Get" type="BIDI_STRING" queryKey="\Printer.Layout.InputBins.Tray007:Level;GetOctetStringValues;GetSimplePrinterAttributes;printer-input-tray;Tray 6;level" drvPrinterEvent="true" refreshInterval="86400" />
        </Property>
        <Property name="Tray008">
          <Value name="Installed" accessType="Get" type="BIDI_BOOL" queryKey="\Printer.Layout.InputBins.Tray008:Installed;GetOctetStringValues2;GetSimplePrinterAttributes;printer-input-tray;Tray 7" drvPrinterEvent="true" refreshInterval="86400" />
          <Value name="MediaType" accessType="Get" type="BIDI_STRING" queryKey="\Printer.Layout.InputBins.Tray008:MediaType;GetAttributeString;GetTrayAttributes;media-col-ready;tray-7;media-type" drvPrinterEvent="true" refreshInterval="86400" />
          <Value name="MediaSize" accessType="Get" type="BIDI_STRING" queryKey="\Printer.Layout.InputBins.Tray008:MediaSize;GetAttributeString;GetTrayAttributes;media-col-ready;tray-7;media-size.media-size-name" drvPrinterEvent="true" refreshInterval="86400" />
          <Value name="FeedDirection" accessType="Get" type="BIDI_STRING" queryKey="\Printer.Layout.InputBins.Tray008:FeedDirection;GetAttributeString;GetTrayAttributes;media-col-ready;tray-7;media-source-properties.media-source-feed-direction" drvPrinterEvent="true" refreshInterval="86400" />
          <Value name="Capacity" accessType="Get" type="BIDI_STRING" queryKey="\Printer.Layout.InputBins.Tray008:Capacity;GetOctetStringValues;GetSimplePrinterAttributes;printer-input-tray;Tray 7;maxcapacity" drvPrinterEvent="true" refreshInterval="86400" />
          <Value name="Level" accessType="Get" type="BIDI_STRING" queryKey="\Printer.Layout.InputBins.Tray008:Level;GetOctetStringValues;GetSimplePrinterAttributes;printer-input-tray;Tray 7;level" drvPrinterEvent="true" refreshInterval="86400" />
        </Property>
        <Property name="Tray009">
          <Value name="Installed" accessType="Get" type="BIDI_BOOL" queryKey="\Printer.Layout.InputBins.Tray009:Installed;GetOctetStringValues2;GetSimplePrinterAttributes;printer-input-tray;Tray 8" drvPrinterEvent="true" refreshInterval="86400" />
          <Value name="MediaType" accessType="Get" type="BIDI_STRING" queryKey="\Printer.Layout.InputBins.Tray009:MediaType;GetAttributeString;GetTrayAttributes;media-col-ready;tray-8;media-type" drvPrinterEvent="true" refreshInterval="86400" />
          <Value name="MediaSize" accessType="Get" type="BIDI_STRING" queryKey="\Printer.Layout.InputBins.Tray009:MediaSize;GetAttributeString;GetTrayAttributes;media-col-ready;tray-8;media-size.media-size-name" drvPrinterEvent="true" refreshInterval="86400" />
          <Value name="FeedDirection" accessType="Get" type="BIDI_STRING" queryKey="\Printer.Layout.InputBins.Tray009:FeedDirection;GetAttributeString;GetTrayAttributes;media-col-ready;tray-8;media-source-properties.media-source-feed-direction" drvPrinterEvent="true" refreshInterval="86400" />
          <Value name="Capacity" accessType="Get" type="BIDI_STRING" queryKey="\Printer.Layout.InputBins.Tray009:Capacity;GetOctetStringValues;GetSimplePrinterAttributes;printer-input-tray;Tray 8;maxcapacity" drvPrinterEvent="true" refreshInterval="86400" />
          <Value name="Level" accessType="Get" type="BIDI_STRING" queryKey="\Printer.Layout.InputBins.Tray009:Level;GetOctetStringValues;GetSimplePrinterAttributes;printer-input-tray;Tray 8;level" drvPrinterEvent="true" refreshInterval="86400" />
        </Property>
          <Property name="Tray010">
          <Value name="Installed" accessType="Get" type="BIDI_BOOL" queryKey="\Printer.Layout.InputBins.Tray010:Installed;GetOctetStringValues2;GetSimplePrinterAttributes;printer-input-tray;Tray 9" drvPrinterEvent="true" refreshInterval="86400" />
          <Value name="MediaType" accessType="Get" type="BIDI_STRING" queryKey="\Printer.Layout.InputBins.Tray010:MediaType;GetAttributeString;GetTrayAttributes;media-col-ready;tray-9;media-type" drvPrinterEvent="true" refreshInterval="86400" />
          <Value name="MediaSize" accessType="Get" type="BIDI_STRING" queryKey="\Printer.Layout.InputBins.Tray010:MediaSize;GetAttributeString;GetTrayAttributes;media-col-ready;tray-9;media-size.media-size-name" drvPrinterEvent="true" refreshInterval="86400" />
          <Value name="FeedDirection" accessType="Get" type="BIDI_STRING" queryKey="\Printer.Layout.InputBins.Tray010:FeedDirection;GetAttributeString;GetTrayAttributes;media-col-ready;tray-9;media-source-properties.media-source-feed-direction" drvPrinterEvent="true" refreshInterval="86400" />
          <Value name="Capacity" accessType="Get" type="BIDI_STRING" queryKey="\Printer.Layout.InputBins.Tray010:Capacity;GetOctetStringValues;GetSimplePrinterAttributes;printer-input-tray;Tray 9;maxcapacity" drvPrinterEvent="true" refreshInterval="86400" />
          <Value name="Level" accessType="Get" type="BIDI_STRING" queryKey="\Printer.Layout.InputBins.Tray010:Level;GetOctetStringValues;GetSimplePrinterAttributes;printer-input-tray;Tray 9;level" drvPrinterEvent="true" refreshInterval="86400" />
        </Property>
            <Property name="Tray011">
          <Value name="Installed" accessType="Get" type="BIDI_BOOL" queryKey="\Printer.Layout.InputBins.Tray011:Installed;GetOctetStringValues2;GetSimplePrinterAttributes;printer-input-tray;Tray 10" drvPrinterEvent="true" refreshInterval="86400" />
          <Value name="MediaType" accessType="Get" type="BIDI_STRING" queryKey="\Printer.Layout.InputBins.Tray011:MediaType;GetAttributeString;GetTrayAttributes;media-col-ready;tray-10;media-type" drvPrinterEvent="true" refreshInterval="86400" />
          <Value name="MediaSize" accessType="Get" type="BIDI_STRING" queryKey="\Printer.Layout.InputBins.Tray011:MediaSize;GetAttributeString;GetTrayAttributes;media-col-ready;tray-10;media-size.media-size-name" drvPrinterEvent="true" refreshInterval="86400" />
          <Value name="FeedDirection" accessType="Get" type="BIDI_STRING" queryKey="\Printer.Layout.InputBins.Tray011:FeedDirection;GetAttributeString;GetTrayAttributes;media-col-ready;tray-10;media-source-properties.media-source-feed-direction" drvPrinterEvent="true" refreshInterval="86400" />
          <Value name="Capacity" accessType="Get" type="BIDI_STRING" queryKey="\Printer.Layout.InputBins.Tray011:Capacity;GetOctetStringValues;GetSimplePrinterAttributes;printer-input-tray;Tray 10;maxcapacity" drvPrinterEvent="true" refreshInterval="86400" />
          <Value name="Level" accessType="Get" type="BIDI_STRING" queryKey="\Printer.Layout.InputBins.Tray011:Level;GetOctetStringValues;GetSimplePrinterAttributes;printer-input-tray;Tray 10;level" drvPrinterEvent="true" refreshInterval="86400" />
        </Property>        
        <Property name="Tray004">
          <Value name="Installed" accessType="Get" type="BIDI_BOOL" queryKey="\Printer.Layout.InputBins.Tray004:Installed;GetOctetStringValues2;GetSimplePrinterAttributes;printer-input-tray;Envelope Feeder" drvPrinterEvent="true" refreshInterval="86400" />
          <Value name="MediaType" accessType="Get" type="BIDI_STRING" queryKey="\Printer.Layout.InputBins.Tray004:MediaType;GetAttributeString;GetTrayAttributes;media-col-ready;envelope-feeder;media-type" drvPrinterEvent="true" refreshInterval="86400"/>
          <Value name="MediaSize" accessType="Get" type="BIDI_STRING" queryKey="\Printer.Layout.InputBins.Tray004:MediaSize;GetAttributeString;GetTrayAttributes;media-col-ready;envelope-feeder;media-size.x-dimension" drvPrinterEvent="true" refreshInterval="86400"/>
          <Value name="FeedDirection" accessType="Get" type="BIDI_STRING" queryKey="\Printer.Layout.InputBins.Tray004:FeedDirection;GetAttributeString;GetTrayAttributes;media-col-ready;envelope-feeder;media-source-properties.media-source-feed-direction" drvPrinterEvent="true" refreshInterval="86400"/>
          <Value name="Capacity" accessType="Get" type="BIDI_STRING" queryKey="\Printer.Layout.InputBins.Tray004:Capacity;GetOctetStringValues;GetSimplePrinterAttributes;printer-input-tray;Envelope Feeder;maxcapacity" drvPrinterEvent="true" refreshInterval="86400"/>
          <Value name="Level" accessType="Get" type="BIDI_STRING" queryKey="\Printer.Layout.InputBins.Tray004:Level;GetOctetStringValues;GetSimplePrinterAttributes;printer-input-tray;Envelope Feeder;level" drvPrinterEvent="true" refreshInterval="86400"/>
        </Property>
        <Property name="Tray012">
          <Value name="Installed" accessType="Get" type="BIDI_BOOL" queryKey="\Printer.Layout.InputBins.Tray012:Installed;GetOctetStringValues2;GetSimplePrinterAttributes;printer-input-tray;Tray 11" drvPrinterEvent="true" refreshInterval="86400"/>
          <Value name="MediaType" accessType="Get" type="BIDI_STRING" queryKey="\Printer.Layout.InputBins.Tray012:MediaType;GetAttributeString;GetTrayAttributes;media-col-ready;tray-11;media-type" drvPrinterEvent="true" refreshInterval="86400"/>
          <Value name="MediaSize" accessType="Get" type="BIDI_STRING" queryKey="\Printer.Layout.InputBins.Tray012:MediaSize;GetAttributeString;GetTrayAttributes;media-col-ready;tray-11;media-size.x-dimension" drvPrinterEvent="true" refreshInterval="86400"/>
          <Value name="FeedDirection" accessType="Get" type="BIDI_STRING" queryKey="\Printer.Layout.InputBins.Tray012:FeedDirection;GetAttributeString;GetTrayAttributes;media-col-ready;tray-11;media-source-properties.media-source-feed-direction" drvPrinterEvent="true" refreshInterval="86400"/>
          <Value name="Capacity" accessType="Get" type="BIDI_STRING" queryKey="\Printer.Layout.InputBins.Tray012:Capacity;GetOctetStringValues;GetSimplePrinterAttributes;printer-input-tray;Tray 11;maxcapacity" drvPrinterEvent="true" refreshInterval="86400"/>
          <Value name="Level" accessType="Get" type="BIDI_STRING" queryKey="\Printer.Layout.InputBins.Tray012:Level;GetOctetStringValues;GetSimplePrinterAttributes;printer-input-tray;Tray 11;level" drvPrinterEvent="true" refreshInterval="86400"/>
          </Property>
        <Property name="Tray013">
          <Value name="Installed" accessType="Get" type="BIDI_BOOL" queryKey="\Printer.Layout.InputBins.Tray013:Installed;GetOctetStringValues2;GetSimplePrinterAttributes;printer-input-tray;Tray 12" drvPrinterEvent="true" refreshInterval="86400"/>
          <Value name="MediaType" accessType="Get" type="BIDI_STRING" queryKey="\Printer.Layout.InputBins.Tray013:MediaType;GetAttributeString;GetTrayAttributes;media-col-ready;tray-12;media-type" drvPrinterEvent="true" refreshInterval="86400"/>
          <Value name="MediaSize" accessType="Get" type="BIDI_STRING" queryKey="\Printer.Layout.InputBins.Tray013:MediaSize;GetAttributeString;GetTrayAttributes;media-col-ready;tray-12;media-size.x-dimension" drvPrinterEvent="true" refreshInterval="86400"/>
          <Value name="FeedDirection" accessType="Get" type="BIDI_STRING" queryKey="\Printer.Layout.InputBins.Tray013:FeedDirection;GetAttributeString;GetTrayAttributes;media-col-ready;tray-12;media-source-properties.media-source-feed-direction" drvPrinterEvent="true" refreshInterval="86400"/>
          <Value name="Capacity" accessType="Get" type="BIDI_STRING" queryKey="\Printer.Layout.InputBins.Tray013:Capacity;GetOctetStringValues;GetSimplePrinterAttributes;printer-input-tray;Tray 12;maxcapacity" drvPrinterEvent="true" refreshInterval="86400"/>
          <Value name="Level" accessType="Get" type="BIDI_STRING" queryKey="\Printer.Layout.InputBins.Tray013:Level;GetOctetStringValues;GetSimplePrinterAttributes;printer-input-tray;Tray 12;level" drvPrinterEvent="true" refreshInterval="86400"/>
          </Property>
        <Property name="Tray014">
          <Value name="Installed" accessType="Get" type="BIDI_BOOL" queryKey="\Printer.Layout.InputBins.Tray014:Installed;GetOctetStringValues2;GetSimplePrinterAttributes;printer-input-tray;Tray 13" drvPrinterEvent="true" refreshInterval="86400"/>
          <Value name="MediaType" accessType="Get" type="BIDI_STRING" queryKey="\Printer.Layout.InputBins.Tray014:MediaType;GetAttributeString;GetTrayAttributes;media-col-ready;tray-13;media-type" drvPrinterEvent="true" refreshInterval="86400"/>
          <Value name="MediaSize" accessType="Get" type="BIDI_STRING" queryKey="\Printer.Layout.InputBins.Tray014:MediaSize;GetAttributeString;GetTrayAttributes;media-col-ready;tray-13;media-size.x-dimension" drvPrinterEvent="true" refreshInterval="86400"/>
          <Value name="FeedDirection" accessType="Get" type="BIDI_STRING" queryKey="\Printer.Layout.InputBins.Tray014:FeedDirection;GetAttributeString;GetTrayAttributes;media-col-ready;tray-13;media-source-properties.media-source-feed-direction" drvPrinterEvent="true" refreshInterval="86400"/>
          <Value name="Capacity" accessType="Get" type="BIDI_STRING" queryKey="\Printer.Layout.InputBins.Tray014:Capacity;GetOctetStringValues;GetSimplePrinterAttributes;printer-input-tray;Tray 13;maxcapacity" drvPrinterEvent="true" refreshInterval="86400"/>
          <Value name="Level" accessType="Get" type="BIDI_STRING" queryKey="\Printer.Layout.InputBins.Tray014:Level;GetOctetStringValues;GetSimplePrinterAttributes;printer-input-tray;Tray 13;level" drvPrinterEvent="true" refreshInterval="86400"/>
          </Property>
        <Property name="Tray015">
          <Value name="Installed" accessType="Get" type="BIDI_BOOL" queryKey="\Printer.Layout.InputBins.Tray015:Installed;GetOctetStringValues2;GetSimplePrinterAttributes;printer-input-tray;Tray 14" drvPrinterEvent="true" refreshInterval="86400"/>
          <Value name="MediaType" accessType="Get" type="BIDI_STRING" queryKey="\Printer.Layout.InputBins.Tray015:MediaType;GetAttributeString;GetTrayAttributes;media-col-ready;tray-14;media-type" drvPrinterEvent="true" refreshInterval="86400"/>
          <Value name="MediaSize" accessType="Get" type="BIDI_STRING" queryKey="\Printer.Layout.InputBins.Tray015:MediaSize;GetAttributeString;GetTrayAttributes;media-col-ready;tray-14;media-size.x-dimension" drvPrinterEvent="true" refreshInterval="86400"/>
          <Value name="FeedDirection" accessType="Get" type="BIDI_STRING" queryKey="\Printer.Layout.InputBins.Tray015:FeedDirection;GetAttributeString;GetTrayAttributes;media-col-ready;tray-14;media-source-properties.media-source-feed-direction" drvPrinterEvent="true" refreshInterval="86400"/>
          <Value name="Capacity" accessType="Get" type="BIDI_STRING" queryKey="\Printer.Layout.InputBins.Tray015:Capacity;GetOctetStringValues;GetSimplePrinterAttributes;printer-input-tray;Tray 14;maxcapacity" drvPrinterEvent="true" refreshInterval="86400"/>
          <Value name="Level" accessType="Get" type="BIDI_STRING" queryKey="\Printer.Layout.InputBins.Tray015:Level;GetOctetStringValues;GetSimplePrinterAttributes;printer-input-tray;Tray 14;level" drvPrinterEvent="true" refreshInterval="86400"/>
          </Property>
        <Property name="Tray016">
          <Value name="Installed" accessType="Get" type="BIDI_BOOL" queryKey="\Printer.Layout.InputBins.Tray016:Installed;GetOctetStringValues2;GetSimplePrinterAttributes;printer-input-tray;Photo" drvPrinterEvent="true" refreshInterval="86400"/>
          <Value name="MediaType" accessType="Get" type="BIDI_STRING" queryKey="\Printer.Layout.InputBins.Tray016:MediaType;GetAttributeString;GetTrayAttributes;media-col-ready;photo;media-type" drvPrinterEvent="true" refreshInterval="86400"/>
          <Value name="MediaSize" accessType="Get" type="BIDI_STRING" queryKey="\Printer.Layout.InputBins.Tray016:MediaSize;GetAttributeString;GetTrayAttributes;media-col-ready;photo;media-size.media-size-name" drvPrinterEvent="true" refreshInterval="86400"/>
          <Value name="FeedDirection" accessType="Get" type="BIDI_STRING" queryKey="\Printer.Layout.InputBins.Tray016:FeedDirection;GetAttributeString;GetTrayAttributes;media-col-ready;photo;media-source-properties.media-source-feed-direction" drvPrinterEvent="true" refreshInterval="86400"/>
          <Value name="Capacity" accessType="Get" type="BIDI_STRING" queryKey="\Printer.Layout.InputBins.Tray016:Capacity;GetOctetStringValues;GetSimplePrinterAttributes;printer-input-tray;photo;maxcapacity" drvPrinterEvent="true" refreshInterval="86400"/>
          <Value name="Level" accessType="Get" type="BIDI_STRING" queryKey="\Printer.Layout.InputBins.Tray016:Level;GetOctetStringValues;GetSimplePrinterAttributes;printer-input-tray;photo;level" drvPrinterEvent="true" refreshInterval="86400"/>
         </Property>
        <!--Commenting all LFP specific queries for now, since USB is not supported in LFP-->
        <!--<Property name="Tray017">
          <Value name="Installed" accessType="Get" type="BIDI_BOOL" queryKey="\Printer.Layout.InputBins.Tray017:Installed;GetOctetStringValues2;GetSimplePrinterAttributes;printer-input-tray;Roll1" drvPrinterEvent="true"/>
          <Value name="MediaType" accessType="Get" type="BIDI_STRING" queryKey="\Printer.Layout.InputBins.Tray017:MediaType;GetAttributeString;GetTrayAttributes;media-col-ready;roll1;media-type" drvPrinterEvent="true"/>
          <Value name="MediaSize" accessType="Get" type="BIDI_STRING" queryKey="\Printer.Layout.InputBins.Tray017:MediaSize;GetAttributeString;GetTrayAttributes;media-col-ready;roll1;media-size.x-dimension" drvPrinterEvent="true"/>
          <Value name="FeedDirection" accessType="Get" type="BIDI_STRING" queryKey="\Printer.Layout.InputBins.Tray017:FeedDirection;GetAttributeString;GetTrayAttributes;media-col-ready;roll1;media-source-properties.media-source-feed-direction" drvPrinterEvent="true"/>
          <Value name="Capacity" accessType="Get" type="BIDI_STRING" queryKey="\Printer.Layout.InputBins.Tray017:Capacity;GetOctetStringValues;GetSimplePrinterAttributes;printer-input-tray;Roll1;maxcapacity" drvPrinterEvent="true"/>
          <Value name="Level" accessType="Get" type="BIDI_STRING" queryKey="\Printer.Layout.InputBins.Tray017:Level;GetOctetStringValues;GetSimplePrinterAttributes;printer-input-tray;Roll1;level" drvPrinterEvent="true"/>
          </Property>
        <Property name="Tray018">
          <Value name="Installed" accessType="Get" type="BIDI_BOOL" queryKey="\Printer.Layout.InputBins.Tray018:Installed;GetOctetStringValues2;GetSimplePrinterAttributes;printer-input-tray;Roll2" drvPrinterEvent="true"/>
          <Value name="MediaType" accessType="Get" type="BIDI_STRING" queryKey="\Printer.Layout.InputBins.Tray018:MediaType;GetAttributeString;GetTrayAttributes;media-col-ready;roll2;media-type" drvPrinterEvent="true"/>
          <Value name="MediaSize" accessType="Get" type="BIDI_STRING" queryKey="\Printer.Layout.InputBins.Tray018:MediaSize;GetAttributeString;GetTrayAttributes;media-col-ready;roll2;media-size.x-dimension" drvPrinterEvent="true"/>
          <Value name="FeedDirection" accessType="Get" type="BIDI_STRING" queryKey="\Printer.Layout.InputBins.Tray018:FeedDirection;GetAttributeString;GetTrayAttributes;media-col-ready;roll2;media-source-properties.media-source-feed-direction" drvPrinterEvent="true"/>
          <Value name="Capacity" accessType="Get" type="BIDI_STRING" queryKey="\Printer.Layout.InputBins.Tray018:Capacity;GetOctetStringValues;GetSimplePrinterAttributes;printer-input-tray;Roll2;maxcapacity" drvPrinterEvent="true"/>
          <Value name="Level" accessType="Get" type="BIDI_STRING" queryKey="\Printer.Layout.InputBins.Tray018:Level;GetOctetStringValues;GetSimplePrinterAttributes;printer-input-tray;Roll2;level" drvPrinterEvent="true"/>
          </Property>
        <Property name="Tray019">
          <Value name="Installed" accessType="Get" type="BIDI_BOOL" queryKey="\Printer.Layout.InputBins.Tray019:Installed;GetOctetStringValues2;GetSimplePrinterAttributes;printer-input-tray;Roll3" drvPrinterEvent="true"/>
          <Value name="MediaType" accessType="Get" type="BIDI_STRING" queryKey="\Printer.Layout.InputBins.Tray019:MediaType;GetAttributeString;GetTrayAttributes;media-col-ready;roll3;media-type" drvPrinterEvent="true"/>
          <Value name="MediaSize" accessType="Get" type="BIDI_STRING" queryKey="\Printer.Layout.InputBins.Tray019:MediaSize;GetAttributeString;GetTrayAttributes;media-col-ready;roll3;media-size.x-dimension" drvPrinterEvent="true"/>
          <Value name="FeedDirection" accessType="Get" type="BIDI_STRING" queryKey="\Printer.Layout.InputBins.Tray019:FeedDirection;GetAttributeString;GetTrayAttributes;media-col-ready;roll3;media-source-properties.media-source-feed-direction" drvPrinterEvent="true"/>
          <Value name="Capacity" accessType="Get" type="BIDI_STRING" queryKey="\Printer.Layout.InputBins.Tray019:Capacity;GetOctetStringValues;GetSimplePrinterAttributes;printer-input-tray;Roll3;maxcapacity" drvPrinterEvent="true"/>
          <Value name="Level" accessType="Get" type="BIDI_STRING" queryKey="\Printer.Layout.InputBins.Tray019:Level;GetOctetStringValues;GetSimplePrinterAttributes;printer-input-tray;Roll3;level" drvPrinterEvent="true"/>
          </Property>
        <Property name="Tray020">
          <Value name="Installed" accessType="Get" type="BIDI_BOOL" queryKey="\Printer.Layout.InputBins.Tray020:Installed;GetOctetStringValues2;GetSimplePrinterAttributes;printer-input-tray;Roll4" drvPrinterEvent="true"/>
          <Value name="MediaType" accessType="Get" type="BIDI_STRING" queryKey="\Printer.Layout.InputBins.Tray020:MediaType;GetAttributeString;GetTrayAttributes;media-col-ready;roll4;media-type" drvPrinterEvent="true"/>
          <Value name="MediaSize" accessType="Get" type="BIDI_STRING" queryKey="\Printer.Layout.InputBins.Tray020:MediaSize;GetAttributeString;GetTrayAttributes;media-col-ready;roll4;media-size.x-dimension" drvPrinterEvent="true"/>
          <Value name="FeedDirection" accessType="Get" type="BIDI_STRING" queryKey="\Printer.Layout.InputBins.Tray020:FeedDirection;GetAttributeString;GetTrayAttributes;media-col-ready;roll4;media-source-properties.media-source-feed-direction" drvPrinterEvent="true"/>
          <Value name="Capacity" accessType="Get" type="BIDI_STRING" queryKey="\Printer.Layout.InputBins.Tray020:Capacity;GetOctetStringValues;GetSimplePrinterAttributes;printer-input-tray;Roll4;maxcapacity" drvPrinterEvent="true"/>
          <Value name="Level" accessType="Get" type="BIDI_STRING" queryKey="\Printer.Layout.InputBins.Tray020:Level;GetOctetStringValues;GetSimplePrinterAttributes;printer-input-tray;Roll4;level" drvPrinterEvent="true"/>
        </Property>
        <Property name="Tray021">
          <Value name="Installed" accessType="Get" type="BIDI_BOOL" queryKey="\Printer.Layout.InputBins.Tray021:Installed;GetOctetStringValues2;GetSimplePrinterAttributes;printer-input-tray;Roll5" drvPrinterEvent="true"/>
          <Value name="MediaType" accessType="Get" type="BIDI_STRING" queryKey="\Printer.Layout.InputBins.Tray021:MediaType;GetAttributeString;GetTrayAttributes;media-col-ready;roll5;media-type" drvPrinterEvent="true"/>
          <Value name="MediaSize" accessType="Get" type="BIDI_STRING" queryKey="\Printer.Layout.InputBins.Tray021:MediaSize;GetAttributeString;GetTrayAttributes;media-col-ready;roll5;media-size.x-dimension" drvPrinterEvent="true"/>
          <Value name="FeedDirection" accessType="Get" type="BIDI_STRING" queryKey="\Printer.Layout.InputBins.Tray021:FeedDirection;GetAttributeString;GetTrayAttributes;media-col-ready;roll5;media-source-properties.media-source-feed-direction" drvPrinterEvent="true"/>
          <Value name="Capacity" accessType="Get" type="BIDI_STRING" queryKey="\Printer.Layout.InputBins.Tray021:Capacity;GetOctetStringValues;GetSimplePrinterAttributes;printer-input-tray;Roll5;maxcapacity" drvPrinterEvent="true"/>
          <Value name="Level" accessType="Get" type="BIDI_STRING" queryKey="\Printer.Layout.InputBins.Tray021:Level;GetOctetStringValues;GetSimplePrinterAttributes;printer-input-tray;Roll5;level" drvPrinterEvent="true"/>
          </Property>
        <Property name="Tray022">
          <Value name="Installed" accessType="Get" type="BIDI_BOOL" queryKey="\Printer.Layout.InputBins.Tray022:Installed;GetOctetStringValues2;GetSimplePrinterAttributes;printer-input-tray;Roll6" drvPrinterEvent="true"/>
          <Value name="MediaType" accessType="Get" type="BIDI_STRING" queryKey="\Printer.Layout.InputBins.Tray022:MediaType;GetAttributeString;GetTrayAttributes;media-col-ready;roll6;media-type" drvPrinterEvent="true"/>
          <Value name="MediaSize" accessType="Get" type="BIDI_STRING" queryKey="\Printer.Layout.InputBins.Tray022:MediaSize;GetAttributeString;GetTrayAttributes;media-col-ready;roll6;media-size.x-dimension" drvPrinterEvent="true"/>
          <Value name="FeedDirection" accessType="Get" type="BIDI_STRING" queryKey="\Printer.Layout.InputBins.Tray022:FeedDirection;GetAttributeString;GetTrayAttributes;media-col-ready;roll6;media-source-properties.media-source-feed-direction" drvPrinterEvent="true"/>
          <Value name="Capacity" accessType="Get" type="BIDI_STRING" queryKey="\Printer.Layout.InputBins.Tray022:Capacity;GetOctetStringValues;GetSimplePrinterAttributes;printer-input-tray;Roll6;maxcapacity" drvPrinterEvent="true"/>
          <Value name="Level" accessType="Get" type="BIDI_STRING" queryKey="\Printer.Layout.InputBins.Tray022:Level;GetOctetStringValues;GetSimplePrinterAttributes;printer-input-tray;Roll6;level" drvPrinterEvent="true"/>
         </Property>
        <Property name="Tray023">
          <Value name="Installed" accessType="Get" type="BIDI_BOOL" queryKey="\Printer.Layout.InputBins.Tray023:Installed;GetOctetStringValues2;GetSimplePrinterAttributes;printer-input-tray;Roll7" drvPrinterEvent="true"/>
          <Value name="MediaType" accessType="Get" type="BIDI_STRING" queryKey="\Printer.Layout.InputBins.Tray023:MediaType;GetAttributeString;GetTrayAttributes;media-col-ready;roll7;media-type" drvPrinterEvent="true"/>
          <Value name="MediaSize" accessType="Get" type="BIDI_STRING" queryKey="\Printer.Layout.InputBins.Tray023:MediaSize;GetAttributeString;GetTrayAttributes;media-col-ready;roll7;media-size.x-dimension" drvPrinterEvent="true"/>
          <Value name="FeedDirection" accessType="Get" type="BIDI_STRING" queryKey="\Printer.Layout.InputBins.Tray023:FeedDirection;GetAttributeString;GetTrayAttributes;media-col-ready;roll7;media-source-properties.media-source-feed-direction" drvPrinterEvent="true"/>
          <Value name="Capacity" accessType="Get" type="BIDI_STRING" queryKey="\Printer.Layout.InputBins.Tray023:Capacity;GetOctetStringValues;GetSimplePrinterAttributes;printer-input-tray;Roll7;maxcapacity" drvPrinterEvent="true"/>
          <Value name="Level" accessType="Get" type="BIDI_STRING" queryKey="\Printer.Layout.InputBins.Tray023:Level;GetOctetStringValues;GetSimplePrinterAttributes;printer-input-tray;Roll7;level" drvPrinterEvent="true"/>
          </Property>
        <Property name="Tray024">
          <Value name="Installed" accessType="Get" type="BIDI_BOOL" queryKey="\Printer.Layout.InputBins.Tray024:Installed;GetOctetStringValues2;GetSimplePrinterAttributes;printer-input-tray;Roll8" drvPrinterEvent="true"/>
          <Value name="MediaType" accessType="Get" type="BIDI_STRING" queryKey="\Printer.Layout.InputBins.Tray024:MediaType;GetAttributeString;GetTrayAttributes;media-col-ready;roll8;media-type" drvPrinterEvent="true"/>
          <Value name="MediaSize" accessType="Get" type="BIDI_STRING" queryKey="\Printer.Layout.InputBins.Tray024:MediaSize;GetAttributeString;GetTrayAttributes;media-col-ready;roll8;media-size.x-dimension" drvPrinterEvent="true"/>
          <Value name="FeedDirection" accessType="Get" type="BIDI_STRING" queryKey="\Printer.Layout.InputBins.Tray024:FeedDirection;GetAttributeString;GetTrayAttributes;media-col-ready;roll8;media-source-properties.media-source-feed-direction" drvPrinterEvent="true"/>
          <Value name="Capacity" accessType="Get" type="BIDI_STRING" queryKey="\Printer.Layout.InputBins.Tray024:Capacity;GetOctetStringValues;GetSimplePrinterAttributes;printer-input-tray;Roll8;maxcapacity" drvPrinterEvent="true"/>
         </Property>
        <Property name="Tray025">
          <Value name="Installed" accessType="Get" type="BIDI_BOOL" queryKey="\Printer.Layout.InputBins.Tray025:Installed;GetOctetStringValues2;GetSimplePrinterAttributes;printer-input-tray;Manual Sheet" drvPrinterEvent="true"/>
          <Value name="MediaType" accessType="Get" type="BIDI_STRING" queryKey="\Printer.Layout.InputBins.Tray025:MediaType;GetAttributeString;GetTrayAttributes;media-col-ready;manual-sheet;media-type" drvPrinterEvent="true"/>
          <Value name="MediaSize" accessType="Get" type="BIDI_STRING" queryKey="\Printer.Layout.InputBins.Tray025:MediaSize;GetAttributeString;GetTrayAttributes;media-col-ready;manual-sheet;media-size.x-dimension" drvPrinterEvent="true"/>
          <Value name="FeedDirection" accessType="Get" type="BIDI_STRING" queryKey="\Printer.Layout.InputBins.Tray025:FeedDirection;GetAttributeString;GetTrayAttributes;media-col-ready;manual-sheet;media-source-properties.media-source-feed-direction" drvPrinterEvent="true"/>
          <Value name="Capacity" accessType="Get" type="BIDI_STRING" queryKey="\Printer.Layout.InputBins.Tray025:Capacity;GetOctetStringValues;GetSimplePrinterAttributes;printer-input-tray;Manual Sheet;maxcapacity" drvPrinterEvent="true"/>
          <Value name="Level" accessType="Get" type="BIDI_STRING" queryKey="\Printer.Layout.InputBins.Tray025:Level;GetOctetStringValues;GetSimplePrinterAttributes;printer-input-tray;Manual Sheet;level" drvPrinterEvent="true"/>
          </Property>
        <Property name="Tray026">
          <Value name="Installed" accessType="Get" type="BIDI_BOOL" queryKey="\Printer.Layout.InputBins.Tray026:Installed;GetOctetStringValues2;GetSimplePrinterAttributes;printer-input-tray;Tray" drvPrinterEvent="true"/>
          <Value name="MediaType" accessType="Get" type="BIDI_STRING" queryKey="\Printer.Layout.InputBins.Tray026:MediaType;GetAttributeString;GetTrayAttributes;media-col-ready;tray;media-type" drvPrinterEvent="true"/>
          <Value name="MediaSize" accessType="Get" type="BIDI_STRING" queryKey="\Printer.Layout.InputBins.Tray026:MediaSize;GetAttributeString;GetTrayAttributes;media-col-ready;tray;media-size.x-dimension" drvPrinterEvent="true"/>
          <Value name="FeedDirection" accessType="Get" type="BIDI_STRING" queryKey="\Printer.Layout.InputBins.Tray026:FeedDirection;GetAttributeString;GetTrayAttributes;media-col-ready;tray;media-source-properties.media-source-feed-direction" drvPrinterEvent="true"/>
          <Value name="Capacity" accessType="Get" type="BIDI_STRING" queryKey="\Printer.Layout.InputBins.Tray026:Capacity;GetOctetStringValues;GetSimplePrinterAttributes;printer-input-tray;Tray;maxcapacity" drvPrinterEvent="true"/>
          <Value name="Level" accessType="Get" type="BIDI_STRING" queryKey="\Printer.Layout.InputBins.Tray026:Level;GetOctetStringValues;GetSimplePrinterAttributes;printer-input-tray;Tray;level" drvPrinterEvent="true"/>
          </Property>
        <Property name="Tray027">
          <Value name="Installed" accessType="Get" type="BIDI_BOOL" queryKey="\Printer.Layout.InputBins.Tray027:Installed;GetOctetStringValues2;GetSimplePrinterAttributes;printer-input-tray;Sheet Feeder" drvPrinterEvent="true"/>
          <Value name="MediaType" accessType="Get" type="BIDI_STRING" queryKey="\Printer.Layout.InputBins.Tray027:MediaType;GetAttributeString;GetTrayAttributes;media-col-ready;sheet-feeder;media-type" drvPrinterEvent="true"/>
          <Value name="MediaSize" accessType="Get" type="BIDI_STRING" queryKey="\Printer.Layout.InputBins.Tray027:MediaSize;GetAttributeString;GetTrayAttributes;media-col-ready;sheet-feeder;media-size.x-dimension" drvPrinterEvent="true"/>
          <Value name="FeedDirection" accessType="Get" type="BIDI_STRING" queryKey="\Printer.Layout.InputBins.Tray027:FeedDirection;GetAttributeString;GetTrayAttributes;media-col-ready;sheet-feeder;media-source-properties.media-source-feed-direction" drvPrinterEvent="true"/>
          <Value name="Capacity" accessType="Get" type="BIDI_STRING" queryKey="\Printer.Layout.InputBins.Tray027:Capacity;GetOctetStringValues;GetSimplePrinterAttributes;printer-input-tray;Sheet Feeder;maxcapacity" drvPrinterEvent="true"/>
          <Value name="Level" accessType="Get" type="BIDI_STRING" queryKey="\Printer.Layout.InputBins.Tray027:Level;GetOctetStringValues;GetSimplePrinterAttributes;printer-input-tray;Sheet Feeder;level" drvPrinterEvent="true"/>
          </Property>-->
      </Property>
    </Property>
    <Property name="Finishing">
      <!-- Query for OutputBins-->
      <Property name="OutputBins">
       <Property name="Bin1">
				  <Value name="Name" accessType="Get" type="BIDI_STRING" queryKey="\Printer.Finishing.OutputBins.Bin1:Name;GetCollectionAttributes;GetSimplePrinterAttributes;hp-outputbins-supported;1;name;2=Bin0,3=Engine-optional1,4=face-up,5=Mailbox1,6=Mailbox2,7=Mailbox3,8=Mailbox4,9=Mailbox5,10=Mailbox6,11=Mailbox7,12=Mailbox8,13=Stacker1,14=Bin1,15=Bin2;string" drvPrinterEvent="true" refreshInterval="86400" />
				  <Value name="Booklet" accessType="Get" type="BIDI_STRING" queryKey="\Printer.Finishing.OutputBins.Bin1:Booklet;GetCollectionAttributes;GetSimplePrinterAttributes;hp-outputbins-supported;1;physical-fold-unit;1=true,0=false;string" drvPrinterEvent="true" refreshInterval="86400" />
				  <Value name="PageDelivery" accessType="Get" type="BIDI_STRING" queryKey="\Printer.Finishing.OutputBins.Bin1:PageDelivery;GetCollectionAttributes;GetSimplePrinterAttributes;hp-outputbins-supported;1;page-delivery;1=FaceUp,2=FaceDown,3=FaceUpOrFaceDown;string" drvPrinterEvent="true" refreshInterval="86400" />
				  <Value name="OpMode" accessType="Get" type="BIDI_STRING" queryKey="\Printer.Finishing.OutputBins.Bin1:OpMode;GetCollectionAttributes;GetSimplePrinterAttributes;hp-outputbins-supported;1;mode;1=None,2=Mailbox,3=Stacker,4=FunctionSeparator,5=JobSeparator,6=JobCollator;string" drvPrinterEvent="true" refreshInterval="86400" />
				</Property>
				<Property name="Bin2">
				  <Value name="Name" accessType="Get" type="BIDI_STRING" queryKey="\Printer.Finishing.OutputBins.Bin2:Name;GetCollectionAttributes;GetSimplePrinterAttributes;hp-outputbins-supported;2;name;2=Bin0,3=Engine-optional1,4=face-up,5=Mailbox1,6=Mailbox2,7=Mailbox3,8=Mailbox4,9=Mailbox5,10=Mailbox6,11=Mailbox7,12=Mailbox8,13=Stacker1,14=Bin1,15=Bin2;string" drvPrinterEvent="true" refreshInterval="86400" />
				  <Value name="Booklet" accessType="Get" type="BIDI_STRING" queryKey="\Printer.Finishing.OutputBins.Bin2:Booklet;GetCollectionAttributes;GetSimplePrinterAttributes;hp-outputbins-supported;2;physical-fold-unit;1=true,0=false;string" drvPrinterEvent="true" refreshInterval="86400" />
				  <Value name="PageDelivery" accessType="Get" type="BIDI_STRING" queryKey="\Printer.Finishing.OutputBins.Bin2:PageDelivery;GetCollectionAttributes;GetSimplePrinterAttributes;hp-outputbins-supported;2;page-delivery;1=FaceUp,2=FaceDown,3=FaceUpOrFaceDown;string" drvPrinterEvent="true" refreshInterval="86400" />
				  <Value name="OpMode" accessType="Get" type="BIDI_STRING" queryKey="\Printer.Finishing.OutputBins.Bin2:OpMode;GetCollectionAttributes;GetSimplePrinterAttributes;hp-outputbins-supported;2;mode;1=None,2=Mailbox,3=Stacker,4=FunctionSeparator,5=JobSeparator,6=JobCollator;string" drvPrinterEvent="true" refreshInterval="86400" />
				</Property>
				<Property name="Bin3">
				  <Value name="Name" accessType="Get" type="BIDI_STRING" queryKey="\Printer.Finishing.OutputBins.Bin3:Name;GetCollectionAttributes;GetSimplePrinterAttributes;hp-outputbins-supported;3;name;2=Bin0,3=Engine-optional1,4=face-up,5=Mailbox1,6=Mailbox2,7=Mailbox3,8=Mailbox4,9=Mailbox5,10=Mailbox6,11=Mailbox7,12=Mailbox8,13=Stacker1,14=Bin1,15=Bin2;string" drvPrinterEvent="true" refreshInterval="86400" />
				  <Value name="Booklet" accessType="Get" type="BIDI_STRING" queryKey="\Printer.Finishing.OutputBins.Bin3:Booklet;GetCollectionAttributes;GetSimplePrinterAttributes;hp-outputbins-supported;3;physical-fold-unit;1=true,0=false;string" drvPrinterEvent="true" refreshInterval="86400" />
				  <Value name="PageDelivery" accessType="Get" type="BIDI_STRING" queryKey="\Printer.Finishing.OutputBins.Bin3:PageDelivery;GetCollectionAttributes;GetSimplePrinterAttributes;hp-outputbins-supported;3;page-delivery;1=FaceUp,2=FaceDown,3=FaceUpOrFaceDown;string" drvPrinterEvent="true" refreshInterval="86400" />
				  <Value name="OpMode" accessType="Get" type="BIDI_STRING" queryKey="\Printer.Finishing.OutputBins.Bin3:OpMode;GetCollectionAttributes;GetSimplePrinterAttributes;hp-outputbins-supported;3;mode;1=None,2=Mailbox,3=Stacker,4=FunctionSeparator,5=JobSeparator,6=JobCollator;string" drvPrinterEvent="true" refreshInterval="86400" />
				</Property>
				<Property name="Bin4">
				  <Value name="Name" accessType="Get" type="BIDI_STRING" queryKey="\Printer.Finishing.OutputBins.Bin4:Name;GetCollectionAttributes;GetSimplePrinterAttributes;hp-outputbins-supported;4;name;2=Bin0,3=Engine-optional1,4=face-up,5=Mailbox1,6=Mailbox2,7=Mailbox3,8=Mailbox4,9=Mailbox5,10=Mailbox6,11=Mailbox7,12=Mailbox8,13=Stacker1,14=Bin1,15=Bin2;string" drvPrinterEvent="true" refreshInterval="86400" />
				  <Value name="Booklet" accessType="Get" type="BIDI_STRING" queryKey="\Printer.Finishing.OutputBins.Bin4:Booklet;GetCollectionAttributes;GetSimplePrinterAttributes;hp-outputbins-supported;4;physical-fold-unit;1=true,0=false;string" drvPrinterEvent="true" refreshInterval="86400" />
				  <Value name="PageDelivery" accessType="Get" type="BIDI_STRING" queryKey="\Printer.Finishing.OutputBins.Bin4:PageDelivery;GetCollectionAttributes;GetSimplePrinterAttributes;hp-outputbins-supported;4;page-delivery;1=FaceUp,2=FaceDown,3=FaceUpOrFaceDown;string" drvPrinterEvent="true" refreshInterval="86400" />
				  <Value name="OpMode" accessType="Get" type="BIDI_STRING" queryKey="\Printer.Finishing.OutputBins.Bin4:OpMode;GetCollectionAttributes;GetSimplePrinterAttributes;hp-outputbins-supported;4;mode;1=None,2=Mailbox,3=Stacker,4=FunctionSeparator,5=JobSeparator,6=JobCollator;string" drvPrinterEvent="true" refreshInterval="86400" />
				</Property>
				<Property name="Bin5">
				  <Value name="Name" accessType="Get" type="BIDI_STRING" queryKey="\Printer.Finishing.OutputBins.Bin5:Name;GetCollectionAttributes;GetSimplePrinterAttributes;hp-outputbins-supported;5;name;2=Bin0,3=Engine-optional1,4=face-up,5=Mailbox1,6=Mailbox2,7=Mailbox3,8=Mailbox4,9=Mailbox5,10=Mailbox6,11=Mailbox7,12=Mailbox8,13=Stacker1,14=Bin1,15=Bin2;string" drvPrinterEvent="true" refreshInterval="86400" />
				  <Value name="Booklet" accessType="Get" type="BIDI_STRING" queryKey="\Printer.Finishing.OutputBins.Bin5:Booklet;GetCollectionAttributes;GetSimplePrinterAttributes;hp-outputbins-supported;5;physical-fold-unit;1=true,0=false;string" drvPrinterEvent="true" refreshInterval="86400" />
				  <Value name="PageDelivery" accessType="Get" type="BIDI_STRING" queryKey="\Printer.Finishing.OutputBins.Bin5:PageDelivery;GetCollectionAttributes;GetSimplePrinterAttributes;hp-outputbins-supported;5;page-delivery;1=FaceUp,2=FaceDown,3=FaceUpOrFaceDown;string" drvPrinterEvent="true" refreshInterval="86400" />
				  <Value name="OpMode" accessType="Get" type="BIDI_STRING" queryKey="\Printer.Finishing.OutputBins.Bin5:OpMode;GetCollectionAttributes;GetSimplePrinterAttributes;hp-outputbins-supported;5;mode;1=None,2=Mailbox,3=Stacker,4=FunctionSeparator,5=JobSeparator,6=JobCollator;string" drvPrinterEvent="true" refreshInterval="86400" />
				</Property>
				<Property name="Bin6">
				  <Value name="Name" accessType="Get" type="BIDI_STRING" queryKey="\Printer.Finishing.OutputBins.Bin6:Name;GetCollectionAttributes;GetSimplePrinterAttributes;hp-outputbins-supported;6;name;2=Bin0,3=Engine-optional1,4=face-up,5=Mailbox1,6=Mailbox2,7=Mailbox3,8=Mailbox4,9=Mailbox5,10=Mailbox6,11=Mailbox7,12=Mailbox8,13=Stacker1,14=Bin1,15=Bin2;string" drvPrinterEvent="true" refreshInterval="86400" />
				  <Value name="Booklet" accessType="Get" type="BIDI_STRING" queryKey="\Printer.Finishing.OutputBins.Bin6:Booklet;GetCollectionAttributes;GetSimplePrinterAttributes;hp-outputbins-supported;6;physical-fold-unit;1=true,0=false;string" drvPrinterEvent="true" refreshInterval="86400" />
				  <Value name="PageDelivery" accessType="Get" type="BIDI_STRING" queryKey="\Printer.Finishing.OutputBins.Bin6:PageDelivery;GetCollectionAttributes;GetSimplePrinterAttributes;hp-outputbins-supported;6;page-delivery;1=FaceUp,2=FaceDown,3=FaceUpOrFaceDown;string" drvPrinterEvent="true" refreshInterval="86400" />
				  <Value name="OpMode" accessType="Get" type="BIDI_STRING" queryKey="\Printer.Finishing.OutputBins.Bin6:OpMode;GetCollectionAttributes;GetSimplePrinterAttributes;hp-outputbins-supported;6;mode;1=None,2=Mailbox,3=Stacker,4=FunctionSeparator,5=JobSeparator,6=JobCollator;string" drvPrinterEvent="true" refreshInterval="86400" />
				</Property>
				<Property name="Bin7">
				  <Value name="Name" accessType="Get" type="BIDI_STRING" queryKey="\Printer.Finishing.OutputBins.Bin7:Name;GetCollectionAttributes;GetSimplePrinterAttributes;hp-outputbins-supported;7;name;2=Bin0,3=Engine-optional1,4=face-up,5=Mailbox1,6=Mailbox2,7=Mailbox3,8=Mailbox4,9=Mailbox5,10=Mailbox6,11=Mailbox7,12=Mailbox8,13=Stacker1,14=Bin1,15=Bin2;string" drvPrinterEvent="true" refreshInterval="86400" />
				  <Value name="Booklet" accessType="Get" type="BIDI_STRING" queryKey="\Printer.Finishing.OutputBins.Bin7:Booklet;GetCollectionAttributes;GetSimplePrinterAttributes;hp-outputbins-supported;7;physical-fold-unit;1=true,0=false;string" drvPrinterEvent="true" refreshInterval="86400" />
				  <Value name="PageDelivery" accessType="Get" type="BIDI_STRING" queryKey="\Printer.Finishing.OutputBins.Bin7:PageDelivery;GetCollectionAttributes;GetSimplePrinterAttributes;hp-outputbins-supported;7;page-delivery;1=FaceUp,2=FaceDown,3=FaceUpOrFaceDown;string" drvPrinterEvent="true" refreshInterval="86400" />
				  <Value name="OpMode" accessType="Get" type="BIDI_STRING" queryKey="\Printer.Finishing.OutputBins.Bin7:OpMode;GetCollectionAttributes;GetSimplePrinterAttributes;hp-outputbins-supported;7;mode;1=None,2=Mailbox,3=Stacker,4=FunctionSeparator,5=JobSeparator,6=JobCollator;string" drvPrinterEvent="true" refreshInterval="86400" />
				</Property>
				<Property name="Bin8">
				  <Value name="Name" accessType="Get" type="BIDI_STRING" queryKey="\Printer.Finishing.OutputBins.Bin8:Name;GetCollectionAttributes;GetSimplePrinterAttributes;hp-outputbins-supported;8;name;2=Bin0,3=Engine-optional1,4=face-up,5=Mailbox1,6=Mailbox2,7=Mailbox3,8=Mailbox4,9=Mailbox5,10=Mailbox6,11=Mailbox7,12=Mailbox8,13=Stacker1,14=Bin1,15=Bin2;string" drvPrinterEvent="true" refreshInterval="86400" />
				  <Value name="Booklet" accessType="Get" type="BIDI_STRING" queryKey="\Printer.Finishing.OutputBins.Bin8:Booklet;GetCollectionAttributes;GetSimplePrinterAttributes;hp-outputbins-supported;8;physical-fold-unit;1=true,0=false;string" drvPrinterEvent="true" refreshInterval="86400" />
				  <Value name="PageDelivery" accessType="Get" type="BIDI_STRING" queryKey="\Printer.Finishing.OutputBins.Bin8:PageDelivery;GetCollectionAttributes;GetSimplePrinterAttributes;hp-outputbins-supported;8;page-delivery;1=FaceUp,2=FaceDown,3=FaceUpOrFaceDown;string" drvPrinterEvent="true" refreshInterval="86400" />
				  <Value name="OpMode" accessType="Get" type="BIDI_STRING" queryKey="\Printer.Finishing.OutputBins.Bin8:OpMode;GetCollectionAttributes;GetSimplePrinterAttributes;hp-outputbins-supported;8;mode;1=None,2=Mailbox,3=Stacker,4=FunctionSeparator,5=JobSeparator,6=JobCollator;string" drvPrinterEvent="true" refreshInterval="86400" />
				</Property>
				<Property name="Bin9">
				  <Value name="Name" accessType="Get" type="BIDI_STRING" queryKey="\Printer.Finishing.OutputBins.Bin9:Name;GetCollectionAttributes;GetSimplePrinterAttributes;hp-outputbins-supported;9;name;2=Bin0,3=Engine-optional1,4=face-up,5=Mailbox1,6=Mailbox2,7=Mailbox3,8=Mailbox4,9=Mailbox5,10=Mailbox6,11=Mailbox7,12=Mailbox8,13=Stacker1,14=Bin1,15=Bin2;string" drvPrinterEvent="true" refreshInterval="86400" />
				  <Value name="Booklet" accessType="Get" type="BIDI_STRING" queryKey="\Printer.Finishing.OutputBins.Bin9:Booklet;GetCollectionAttributes;GetSimplePrinterAttributes;hp-outputbins-supported;9;physical-fold-unit;1=true,0=false;string" drvPrinterEvent="true" refreshInterval="86400" />
				  <Value name="PageDelivery" accessType="Get" type="BIDI_STRING" queryKey="\Printer.Finishing.OutputBins.Bin9:PageDelivery;GetCollectionAttributes;GetSimplePrinterAttributes;hp-outputbins-supported;9;page-delivery;1=FaceUp,2=FaceDown,3=FaceUpOrFaceDown;string" drvPrinterEvent="true" refreshInterval="86400" />
				  <Value name="OpMode" accessType="Get" type="BIDI_STRING" queryKey="\Printer.Finishing.OutputBins.Bin9:OpMode;GetCollectionAttributes;GetSimplePrinterAttributes;hp-outputbins-supported;9;mode;1=None,2=Mailbox,3=Stacker,4=FunctionSeparator,5=JobSeparator,6=JobCollator;string" drvPrinterEvent="true" refreshInterval="86400" />
				</Property>
				<Property name="Bin10">
				  <Value name="Name" accessType="Get" type="BIDI_STRING" queryKey="\Printer.Finishing.OutputBins.Bin10:Name;GetCollectionAttributes;GetSimplePrinterAttributes;hp-outputbins-supported;10;name;2=Bin0,3=Engine-optional1,4=face-up,5=Mailbox1,6=Mailbox2,7=Mailbox3,8=Mailbox4,9=Mailbox5,10=Mailbox6,11=Mailbox7,12=Mailbox8,13=Stacker1,14=Bin1,15=Bin2;string" drvPrinterEvent="true" refreshInterval="86400" />
				  <Value name="Booklet" accessType="Get" type="BIDI_STRING" queryKey="\Printer.Finishing.OutputBins.Bin10:Booklet;GetCollectionAttributes;GetSimplePrinterAttributes;hp-outputbins-supported;10;physical-fold-unit;1=true,0=false;string" drvPrinterEvent="true" refreshInterval="86400" />
				  <Value name="PageDelivery" accessType="Get" type="BIDI_STRING" queryKey="\Printer.Finishing.OutputBins.Bin10:PageDelivery;GetCollectionAttributes;GetSimplePrinterAttributes;hp-outputbins-supported;10;page-delivery;1=FaceUp,2=FaceDown,3=FaceUpOrFaceDown;string" drvPrinterEvent="true" refreshInterval="86400" />
				  <Value name="OpMode" accessType="Get" type="BIDI_STRING" queryKey="\Printer.Finishing.OutputBins.Bin10:OpMode;GetCollectionAttributes;GetSimplePrinterAttributes;hp-outputbins-supported;10;mode;1=None,2=Mailbox,3=Stacker,4=FunctionSeparator,5=JobSeparator,6=JobCollator;string" drvPrinterEvent="true" refreshInterval="86400" />
				</Property>
				<Property name="Bin11">
				  <Value name="Name" accessType="Get" type="BIDI_STRING" queryKey="\Printer.Finishing.OutputBins.Bin11:Name;GetCollectionAttributes;GetSimplePrinterAttributes;hp-outputbins-supported;11;name;2=Bin0,3=Engine-optional1,4=face-up,5=Mailbox1,6=Mailbox2,7=Mailbox3,8=Mailbox4,9=Mailbox5,10=Mailbox6,11=Mailbox7,12=Mailbox8,13=Stacker1,14=Bin1,15=Bin2;string" drvPrinterEvent="true" refreshInterval="86400" />
				  <Value name="Booklet" accessType="Get" type="BIDI_STRING" queryKey="\Printer.Finishing.OutputBins.Bin11:Booklet;GetCollectionAttributes;GetSimplePrinterAttributes;hp-outputbins-supported;11;physical-fold-unit;1=true,0=false;string" drvPrinterEvent="true" refreshInterval="86400" />
				  <Value name="PageDelivery" accessType="Get" type="BIDI_STRING" queryKey="\Printer.Finishing.OutputBins.Bin11:PageDelivery;GetCollectionAttributes;GetSimplePrinterAttributes;hp-outputbins-supported;11;page-delivery;1=FaceUp,2=FaceDown,3=FaceUpOrFaceDown;string" drvPrinterEvent="true" refreshInterval="86400" />
				  <Value name="OpMode" accessType="Get" type="BIDI_STRING" queryKey="\Printer.Finishing.OutputBins.Bin11:OpMode;GetCollectionAttributes;GetSimplePrinterAttributes;hp-outputbins-supported;11;mode;1=None,2=Mailbox,3=Stacker,4=FunctionSeparator,5=JobSeparator,6=JobCollator;string" drvPrinterEvent="true" refreshInterval="86400" />
				</Property>
				<Property name="Bin12">
				  <Value name="Name" accessType="Get" type="BIDI_STRING" queryKey="\Printer.Finishing.OutputBins.Bin12:Name;GetCollectionAttributes;GetSimplePrinterAttributes;hp-outputbins-supported;12;name;2=Bin0,3=Engine-optional1,4=face-up,5=Mailbox1,6=Mailbox2,7=Mailbox3,8=Mailbox4,9=Mailbox5,10=Mailbox6,11=Mailbox7,12=Mailbox8,13=Stacker1,14=Bin1,15=Bin2;string" drvPrinterEvent="true" refreshInterval="86400" />
				  <Value name="Booklet" accessType="Get" type="BIDI_STRING" queryKey="\Printer.Finishing.OutputBins.Bin12:Booklet;GetCollectionAttributes;GetSimplePrinterAttributes;hp-outputbins-supported;12;physical-fold-unit;1=true,0=false;string" drvPrinterEvent="true" refreshInterval="86400" />
				  <Value name="PageDelivery" accessType="Get" type="BIDI_STRING" queryKey="\Printer.Finishing.OutputBins.Bin12:PageDelivery;GetCollectionAttributes;GetSimplePrinterAttributes;hp-outputbins-supported;12;page-delivery;1=FaceUp,2=FaceDown,3=FaceUpOrFaceDown;string" drvPrinterEvent="true" refreshInterval="86400" />
				  <Value name="OpMode" accessType="Get" type="BIDI_STRING" queryKey="\Printer.Finishing.OutputBins.Bin12:OpMode;GetCollectionAttributes;GetSimplePrinterAttributes;hp-outputbins-supported;12;mode;1=None,2=Mailbox,3=Stacker,4=FunctionSeparator,5=JobSeparator,6=JobCollator;string" drvPrinterEvent="true" refreshInterval="86400" />
				</Property>
      </Property>
      <!-- Query for Staplings-->
      <Property name="Staplings">
        <Property name="StapletypeLeft1pt">
          <Value name="Installed" accessType="Get" type="BIDI_STRING" queryKey="\Printer.Finishing.Staplings.StapletypeLeft1pt:Installed;GetStringFromEnumerations;GetSimplePrinterAttributes;finishings-supported;20;StapleTopLeft" drvPrinterEvent="true" refreshInterval="86400" />
        </Property>
        <Property name="StapletypeLeft2pt">
          <Value name="Installed" accessType="Get" type="BIDI_STRING" queryKey="\Printer.Finishing.Staplings.StapletypeLeft2pt:Installed;GetStringFromEnumerations;GetSimplePrinterAttributes;finishings-supported;28;StapleDualLeft" drvPrinterEvent="true" refreshInterval="86400" />
        </Property>
        <Property name="StapletypeLeft3pt">
          <Value name="Installed" accessType="Get" type="BIDI_STRING" queryKey="\Printer.Finishing.Staplings.StapletypeLeft3pt:Installed;GetStringFromEnumerations;GetSimplePrinterAttributes;finishings-supported;32;StapleTripleLeft" drvPrinterEvent="true" refreshInterval="86400" />
        </Property>
        <Property name="StapletypeRight1pt">
          <Value name="Installed" accessType="Get" type="BIDI_STRING" queryKey="\Printer.Finishing.Staplings.StapletypeRight1pt:Installed;GetStringFromEnumerations;GetSimplePrinterAttributes;finishings-supported;22;StapleTopRight" drvPrinterEvent="true" refreshInterval="86400" />
        </Property>
        <Property name="StapletypeRight2pt">
          <Value name="Installed" accessType="Get" type="BIDI_STRING" queryKey="\Printer.Finishing.Staplings.StapletypeRight2pt:Installed;GetStringFromEnumerations;GetSimplePrinterAttributes;finishings-supported;30;StapleDualRight" drvPrinterEvent="true" refreshInterval="86400" />
        </Property>
        <Property name="StapletypeRight3pt">
          <Value name="Installed" accessType="Get" type="BIDI_STRING" queryKey="\Printer.Finishing.Staplings.StapletypeRight3pt:Installed;GetStringFromEnumerations;GetSimplePrinterAttributes;finishings-supported;34;StapleTripleRight" drvPrinterEvent="true" refreshInterval="86400" />
        </Property>
        <Property name="StapletypeTop2pt">
          <Value name="Installed" accessType="Get" type="BIDI_STRING" queryKey="\Printer.Finishing.Staplings.StapletypeTop2pt:Installed;GetStringFromEnumerations;GetSimplePrinterAttributes;finishings-supported;29;StapleDualTop" drvPrinterEvent="true" refreshInterval="86400" />
        </Property>
        <Property name="StapletypeTop3pt">
          <Value name="Installed" accessType="Get" type="BIDI_STRING" queryKey="\Printer.Finishing.Staplings.StapletypeTop3pt:Installed;GetStringFromEnumerations;GetSimplePrinterAttributes;finishings-supported;33;StapleTripleTop" drvPrinterEvent="true" refreshInterval="86400" />
        </Property>
        <Property name="StapletypeBottom2pt">
          <Value name="Installed" accessType="Get" type="BIDI_STRING" queryKey="\Printer.Finishing.Staplings.StapletypeBottom2pt:Installed;GetStringFromEnumerations;GetSimplePrinterAttributes;finishings-supported;31;StapleDualBottom" drvPrinterEvent="true" refreshInterval="86400" />
        </Property>
        <Property name="StapletypeBottom3pt">
          <Value name="Installed" accessType="Get" type="BIDI_STRING" queryKey="\Printer.Finishing.Staplings.StapletypeBottom3pt:Installed;GetStringFromEnumerations;GetSimplePrinterAttributes;finishings-supported;35;StapleTripleBottom" drvPrinterEvent="true" refreshInterval="86400" />
        </Property>
      </Property>
      <!-- Query for Punchings-->
      <Property name="Punchings">
        <Property name="PunchLeft2pt">
          <Value name="Installed" accessType="Get" type="BIDI_STRING" queryKey="\Printer.Finishing.Punchings.PunchLeft2pt:Installed;GetStringFromEnumerations;GetSimplePrinterAttributes;finishings-supported;74;TwoHolesLeft" drvPrinterEvent="true" refreshInterval="86400" />
        </Property>
        <Property name="PunchRight2pt">
          <Value name="Installed" accessType="Get" type="BIDI_STRING" queryKey="\Printer.Finishing.Punchings.PunchRight2pt:Installed;GetStringFromEnumerations;GetSimplePrinterAttributes;finishings-supported;76;TwoHolesRight" drvPrinterEvent="true" refreshInterval="86400" />
        </Property>
        <Property name="PunchTop2pt">
          <Value name="Installed" accessType="Get" type="BIDI_STRING" queryKey="\Printer.Finishing.Punchings.PunchTop2pt:Installed;GetStringFromEnumerations;GetSimplePrinterAttributes;finishings-supported;75;TwoHolesTop" drvPrinterEvent="true" refreshInterval="86400" />
        </Property>
        <Property name="PunchBottom2pt">
          <Value name="Installed" accessType="Get" type="BIDI_STRING" queryKey="\Printer.Finishing.Punchings.PunchBottom2pt:Installed;GetStringFromEnumerations;GetSimplePrinterAttributes;finishings-supported;77;TwoHolesBottom" drvPrinterEvent="true" refreshInterval="86400" />
        </Property>
        <Property name="PunchLeft3pt">
          <Value name="Installed" accessType="Get" type="BIDI_STRING" queryKey="\Printer.Finishing.Punchings.PunchLeft3pt:Installed;GetStringFromEnumerations;GetSimplePrinterAttributes;finishings-supported;78;ThreeHolesLeft" drvPrinterEvent="true" refreshInterval="86400" />
        </Property>
        <Property name="PunchRight3pt">
          <Value name="Installed" accessType="Get" type="BIDI_STRING" queryKey="\Printer.Finishing.Punchings.PunchRight3pt:Installed;GetStringFromEnumerations;GetSimplePrinterAttributes;finishings-supported;80;ThreeHolesRight" drvPrinterEvent="true" refreshInterval="86400" />
        </Property>
        <Property name="PunchTop3pt">
          <Value name="Installed" accessType="Get" type="BIDI_STRING" queryKey="\Printer.Finishing.Punchings.PunchTop3pt:Installed;GetStringFromEnumerations;GetSimplePrinterAttributes;finishings-supported;79;ThreeHolesTop" drvPrinterEvent="true" refreshInterval="86400" />
        </Property>
        <Property name="PunchBottom3pt">
          <Value name="Installed" accessType="Get" type="BIDI_STRING" queryKey="\Printer.Finishing.Punchings.PunchBottom3pt:Installed;GetStringFromEnumerations;GetSimplePrinterAttributes;finishings-supported;81;ThreeHolesBottom" drvPrinterEvent="true" refreshInterval="86400" />
        </Property>
        <Property name="PunchLeft4pt">
          <Value name="Installed" accessType="Get" type="BIDI_STRING" queryKey="\Printer.Finishing.Punchings.PunchLeft4pt:Installed;GetStringFromEnumerations;GetSimplePrinterAttributes;finishings-supported;82;FourHolesLeft" drvPrinterEvent="true" refreshInterval="86400" />
        </Property>
        <Property name="PunchRight4pt">
          <Value name="Installed" accessType="Get" type="BIDI_STRING" queryKey="\Printer.Finishing.Punchings.PunchRight4pt:Installed;GetStringFromEnumerations;GetSimplePrinterAttributes;finishings-supported;84;FourHolesRight" drvPrinterEvent="true" refreshInterval="86400" />
        </Property>
        <Property name="PunchTop4pt">
          <Value name="Installed" accessType="Get" type="BIDI_STRING" queryKey="\Printer.Finishing.Punchings.PunchTop4pt:Installed;GetStringFromEnumerations;GetSimplePrinterAttributes;finishings-supported;83;FourHolesTop" drvPrinterEvent="true" refreshInterval="86400" />
        </Property>
        <Property name="PunchBottom4pt">
          <Value name="Installed" accessType="Get" type="BIDI_STRING" queryKey="\Printer.Finishing.Punchings.PunchBottom4pt:Installed;GetStringFromEnumerations;GetSimplePrinterAttributes;finishings-supported;85;FourHolesBottom" drvPrinterEvent="true" refreshInterval="86400" />
        </Property>
        <Property name="Region">
          <Value name="Name" accessType="Get" type="BIDI_STRING" queryKey="\Printer.Finishing.Punchings.Region:Name;GetStringFromEnumerations;GetSimplePrinterAttributes;hp-punch-unit-region;1=us,2=eu,3=sw" drvPrinterEvent="true" refreshInterval="86400" />
        </Property>
      </Property>
      <!-- Query for Foldings-->
      <Property name="Foldings">
        <Property name="CFold">
          <Value name="Installed" accessType="Get" type="BIDI_STRING" queryKey="\Printer.Finishing.Foldings.CFold:Installed;GetStringFromEnumerations;GetSimplePrinterAttributes;finishings-supported;96;c-fold" drvPrinterEvent="true" refreshInterval="86400" />
          <Value name="MaxSheetsPerSet" accessType="Get" type="BIDI_STRING" queryKey="\Printer.Finishing.Foldings.CFold:MaxSheetsPerSet;GetCollectionAttributes;GetSimplePrinterAttributes;finishings-col-database;finishing-template=fold-letter,media-size-name=iso_a4_210x297mm;media-sheets-supported;1-3=3,1-25=25,1-65=65,1-5=5;string;hvd" drvPrinterEvent="true" refreshInterval="86400" />
        </Property>
        <Property name="VFold">
          <Value name="Installed" accessType="Get" type="BIDI_STRING" queryKey="\Printer.Finishing.Foldings.VFold:Installed;GetStringFromEnumerations;GetSimplePrinterAttributes;finishings-supported;93;v-fold" drvPrinterEvent="true" refreshInterval="86400" />
          <Value name="MaxSheetsPerSet" accessType="Get" type="BIDI_STRING" queryKey="\Printer.Finishing.Foldings.VFold:MaxSheetsPerSet;GetCollectionAttributes;GetSimplePrinterAttributes;finishings-col-database;finishing-template=fold-half,media-size-name=iso_a4_210x297mm;media-sheets-supported;1-3=3,1-25=25,1-65=65,1-5=5;string;hvd" drvPrinterEvent="true" refreshInterval="86400" />
        </Property>
      </Property>
      <Property name="BookletMakerUnit">
        <Value name="Installed" accessType="Get" type="BIDI_STRING" queryKey="\Printer.Finishing.BookletMakerUnit:Installed;GetStringFromEnumerations;GetSimplePrinterAttributes;finishings-supported;13;SaddleStitch"  drvPrinterEvent="true" refreshInterval="86400"/>
        <Value name="FoldAndStitchSupport" accessType="Get" type="BIDI_STRING" queryKey="\Printer.Finishing.BookletMakerUnit:FoldAndStitchSupport;GetStringFromEnumerations;GetSimplePrinterAttributes;finishings-supported;13;SaddleStitch"  drvPrinterEvent="true" refreshInterval="86400"/>
        <Value name="FoldAndStitchDirection" accessType="Get" type="BIDI_STRING" queryKey="\Printer.Finishing.BookletMakerUnit:FoldAndStitchDirection;GetAttributeString;GetSimplePrinterAttributes;hp-booklet-fold-direction;01=Inward;02=Outward"  drvPrinterEvent="true" refreshInterval="86400"/>
      </Property>
    </Property>
  </Property>
</bidi:Schema>