<?xml version="1.0" encoding="utf-8"?>
<bidi:Definition xmlns:xsi="http://www.w3.org/2001/XMLSchema-instance" xmlns:bidi="http://schemas.microsoft.com/windows/2005/03/printing/bidi" xsi:schemaLocation="http://schemas.microsoft.com/windows/2005/03/printing/bidi wsdbidi.xsd">
  <!--Version 3.14-->
  <Schema xmlns:nprt="http://schemas.microsoft.com/windows/2006/08/wdp/print" xmlns:hpprt="http://www.hp.com/schemas/imaging/con/hpprt/2014/08/22" xmlns:wprt="http://schemas.microsoft.com/windows/2006/08/wdp/print">
    <Property name="Printer">
      <!--Query for Status-->
      <Property name="Status">
        <Property name="Summary">
          <Value name="StateReason" query="nprt:PrinterStatus" filter='nprt:PrinterStatus/nprt:PrinterPrimaryStateReason' type="BIDI_STRING" />
        </Property>
      </Property>
      <Property name="DeviceInfo">
        <Property name="PagesPerMinute">
          <!-- PCv1.0 -->
          <Value name="Value" query="wprt:PrinterDescription" filter='wprt:PrinterDescription/wprt:PagesPerMinute' drvPrinterEvent="true" type="BIDI_STRING" />
        </Property>
        <Property name="SecureEncryptJobStorage">
          <Value name="Supported" type="BIDI_STRING" query="wprt:PrinterConfiguration" filter='wprt:PrinterConfiguration/wprt:Storage/wprt:StorageEntry/hpprt:Encryptions/hpprt:Encryption' drvPrinterEvent="true"/>
        </Property>
        <!-- PCv0.81 Feature Access Control queries Start-->
        <Property name="FeatureAccessControl">
          <List name="Supported" query="wprt:PrinterConfiguration" filter="//wprt:PrinterConfiguration/hpprt:PrintFeatureControlByUserPermission/hpprt:PrintFeatureControlOption" drvPrinterEvent="true" />
        </Property>
        <!-- PCv0.81 Feature Access Control queries End-->
        <!-- PCv0.81 Feature Access Control by Local Quota queries Start-->
        <Property name="FeatureAccessControlByLocalQuota">
          <List name="Supported" query="wprt:PrinterConfiguration" filter="//wprt:PrinterConfiguration/hpprt:PrintFeatureControlByLocalQuota/hpprt:PrintFeatureControlOption" drvPrinterEvent="true" />
        </Property>
        <!-- PCv0.81 Feature Access Control by Local Quota queries End-->
      </Property>
	  <Property name="Consumables">
        <Property name="Color003">
          <Value name="Name" type="BIDI_STRING" query="wprt:PrinterConfiguration" filter='wprt:PrinterConfiguration/wprt:Consumables/wprt:ConsumableEntry/wprt:Color[text() = "Cyan" or text() = "TriColor"]' drvPrinterEvent="true" />
		</Property>
      <Property name="Color001">
        <Value name="Name" type="BIDI_STRING" query="wprt:PrinterConfiguration" filter='wprt:PrinterConfiguration/wprt:Consumables/wprt:ConsumableEntry/wprt:Color[text() = "Black"]' drvPrinterEvent="true" />
      </Property>     
        <Property name="GrayscaleSupport">
          <Value name="Installed" query="wprt:PrinterCapabilities" filter='wprt:PrinterCapabilities/wprt:JobValues/wprt:DocumentProcessing/hpprt:PrintColorModes/hpprt:ColorMode[text() = "process-black"]' drvPrinterEvent="true" type="BIDI_STRING" />
        </Property>
    </Property>
    <Property name="Configuration">
      
        <!--Queries for JobStorage-->    
      <Property name="StorageMedia">
        <Value name="Installed" type="BIDI_STRING" query="wprt:PrinterConfiguration" filter="wprt:PrinterConfiguration/wprt:Finishings/wprt:CollationSupported" optional="true" drvPrinterEvent="true">false</Value>
      </Property>
      <Property name="JobStorage">
        <Value name="Installed" type="BIDI_STRING" query="wprt:PrinterConfiguration" filter="wprt:PrinterConfiguration/wprt:Storage/wprt:StorageEntry/hpprt:Available" optional="true" drvPrinterEvent="true">false</Value>
      </Property>
      <Property name="StripHeight">
        <Value name="PCLmStripHeightPreferred" type="BIDI_STRING" query="wprt:PrinterConfiguration" filter="wprt:PrinterConfiguration/hpprt:PCLmStripHeightPreferred" optional="true" drvPrinterEvent="true"/>
      </Property>
      <Property name="Resolution">
        <Value name="150dpi" type="BIDI_STRING" query="wprt:PrinterCapabilities" filter="/wprt:PrinterCapabilities/wprt:JobValues/wprt:JobProcessing/wprt:DocumentProcessing/wprt:Resolution/wprt:AllowedValue/wprt:Width[text()='150']" drvPrinterEvent="true" />
        <Value name="300dpi" type="BIDI_STRING" query="wprt:PrinterCapabilities" filter="/wprt:PrinterCapabilities/wprt:JobValues/wprt:JobProcessing/wprt:DocumentProcessing/wprt:Resolution/wprt:AllowedValue/wprt:Width[text()='300']" drvPrinterEvent="true" />
        <Value name="600dpi" type="BIDI_STRING" query="wprt:PrinterCapabilities" filter="/wprt:PrinterCapabilities/wprt:JobValues/wprt:JobProcessing/wprt:DocumentProcessing/wprt:Resolution/wprt:AllowedValue/wprt:Width[text()='600']" drvPrinterEvent="true" />
        <Value name="1200dpi" type="BIDI_STRING" query="wprt:PrinterCapabilities" filter="/wprt:PrinterCapabilities/wprt:JobValues/wprt:JobProcessing/wprt:DocumentProcessing/wprt:Resolution/wprt:AllowedValue/wprt:Width[text()='1200']" drvPrinterEvent="true" />
      </Property>
        <!-- PCv0.82 User Margin queries Start-->
        <Property name="UserMargins">
          <Value name="Top001" query="wprt:PrinterConfiguration" filter='wprt:PrinterConfiguration/hpprt:MarginSupported/hpprt:TopMarginSupported/wprt:AllowedValue[text()="300"]' drvPrinterEvent="true" type="BIDI_STRING" />
          <Value name="Top002" query="wprt:PrinterConfiguration" filter='wprt:PrinterConfiguration/hpprt:MarginSupported/hpprt:TopMarginSupported/wprt:AllowedValue[text()="500"]' drvPrinterEvent="true" type="BIDI_STRING" />
        </Property>
        <!-- PCv0.82 User Margin queries End-->
      <!-- PCv0.82 HP Pantone Emulation queries Start-->
      <Property name="HPPantoneEmulation">
        <Value name="Supported" type="BIDI_STRING" query="wprt:PrinterConfiguration" filter="//wprt:PrinterConfiguration/hpprt:PantoneEmulationSupported" drvPrinterEvent="true"/>
      </Property>
      <!-- PCv0.82 HP Pantone Emulation queries End-->
	
        <!---Queries for EMBEDDED JOB ACCOUNTING (EJA)  -->
        <Property name="EJA">
          <Value name="Installed" query="wprt:PrinterConfiguration" filter='wprt:PrinterConfiguration/hpprt:JobAccountingQuotaSupported[text()="0x00001101"]' drvPrinterEvent="true" type="BIDI_STRING" />
        </Property>
        <Property name="SecureJobStorage">
          <!--Value name="Supported" type="BIDI_STRING" query="wprt:PrinterConfiguration" filter='wprt:PrinterConfiguration/wprt:Storage/wprt:StorageEntry/hpprt:Encryptions/hpprt:Encryption' drvPrinterEvent="true"/-->
          <Value name="IsAlphaNumeric"  type="BIDI_STRING" query="wprt:PrinterConfiguration" filter='wprt:PrinterConfiguration/wprt:Storage/wprt:StorageEntry/hpprt:Password/hpprt:Alphanumeric' drvPrinterEvent="true" />
          <Value name="PasswordMaxLength"  type="BIDI_INT" query="wprt:PrinterConfiguration" filter='wprt:PrinterConfiguration/wprt:Storage/wprt:StorageEntry/hpprt:Password/hpprt:MaxLength' drvPrinterEvent="true"/>
          <Value name="PasswordMinLength"  type="BIDI_INT" query="wprt:PrinterConfiguration" filter='wprt:PrinterConfiguration/wprt:Storage/wprt:StorageEntry/hpprt:Password/hpprt:MinLength' drvPrinterEvent="true"/>
        </Property>
        <!--Queries for Edge to Edge -->
        <Property name="EdgetoEdge">
          <Value name="Installed" query="wprt:PrinterCapabilities" filter='wprt:PrinterCapabilities/wprt:JobValues/wprt:DocumentProcessing/ hpprt:OemDocumentProcessing/hpprt:EdgeToEdgeSupport' drvPrinterEvent="true" type="BIDI_STRING" />
        </Property>
        <!--Queries for Tab Printing -->
        <Property name="TabPrinting">
          <Value name="Installed" query="wprt:PrinterConfiguration" filter='wprt:PrinterConfiguration/hpprt:TabbedPrintingSupported' drvPrinterEvent="true" type="BIDI_STRING" />
        </Property>
		<!--Queries for Enhanced Mixed Orientation -->
		<Property name="EnhancedMixedOrientation">
			<Value name="Installed" query="wprt:PrinterConfiguration" filter='wprt:PrinterConfiguration/hpprt:EnhancedMixedOrientationSupported' drvPrinterEvent="true" type="BIDI_STRING" />
		</Property>		
        <!--Queries for EPEAT (DuplexByDefault) -->
        <Property name="DuplexByDefault">
          <Value name="Installed" query="wprt:PrinterConfiguration" filter='wprt:PrinterConfiguration/hpprt:OemPrinterConfiguration/hpprt:DefaultDuplexStandard' drvPrinterEvent="true" type="BIDI_STRING" />
        </Property>
        <Property name="AdvanceImageControl">
		      <Value name="Installed" query="wprt:PrinterConfiguration" filter='wprt:PrinterCapabilities/wprt:JobValues/wprt:DocumentProcessing/hpprt:OemDocumentProcessing/hpprt:ImageEnhancements/hpprt:ImageEnhancement[text() = "advance-image-control"]' drvPrinterEvent="true" type="BIDI_STRING" />
		    </Property>
      <!-- Moved from GDL to UI IPP Bidi
        <Property name="RGBThemes">
		      <Value name="Installed" query="wprt:PrinterConfiguration" filter='wprt:PrinterCapabilities/wprt:JobValues/wprt:DocumentProcessing/hpprt:OemDocumentProcessing/hpprt:ImageEnhancements/hpprt:ImageEnhancement[text() = "rgb-color-themes"]' drvPrinterEvent="true" type="BIDI_STRING" />
		    </Property>
        <Property name="CMYKThemes">
		      <Value name="Installed" query="wprt:PrinterConfiguration" filter='wprt:PrinterCapabilities/wprt:JobValues/wprt:DocumentProcessing/hpprt:OemDocumentProcessing/hpprt:ImageEnhancements/hpprt:ImageEnhancement[text() = "cmyk-color-themes"]' drvPrinterEvent="true" type="BIDI_STRING" />
		    </Property>
        -->
        <Property name="AdvanceInkControl">
		      <Value name="Installed" query="wprt:PrinterConfiguration" filter='wprt:PrinterCapabilities/wprt:JobValues/wprt:DocumentProcessing/hpprt:OemDocumentProcessing/hpprt:ImageEnhancements/hpprt:ImageEnhancement[text() = "advance-ink-control"]' drvPrinterEvent="true" type="BIDI_STRING" />
		    </Property>
        <!--Queries for PrintQuality-->
        <Property name="PrintQuality">
          <Property name="Draft">
            <Value name="DraftDPI" query="wprt:PrinterCapabilities" filter='wprt:PrinterCapabilities/wprt:JobValues/wprt:DocumentProcessing/wprt:PrintQuality/wprt:AllowedValue[text()="Draft"]/@hpprt:OptimalResolution' drvPrinterEvent="true" type="BIDI_STRING" />
            <Value name="DraftDisplayTag" query="wprt:PrinterCapabilities" filter='wprt:PrinterCapabilities/wprt:JobValues/wprt:DocumentProcessing/wprt:PrintQuality/wprt:AllowedValue[text()="Draft"]/@hpprt:DisplayTag' drvPrinterEvent="true" type="BIDI_STRING" />
            <Value name="DraftHintTag" query="wprt:PrinterCapabilities" filter='wprt:PrinterCapabilities/wprt:JobValues/wprt:DocumentProcessing/wprt:PrintQuality/wprt:AllowedValue[text()="Draft"]/@hpprt:ImageTechnology' drvPrinterEvent="true" type="BIDI_STRING" />
          </Property>
          <Property name="Normal">
            <Value name="NormalDPI" query="wprt:PrinterCapabilities" filter='wprt:PrinterCapabilities/wprt:JobValues/wprt:DocumentProcessing/wprt:PrintQuality/wprt:AllowedValue[text()="Normal"]/@hpprt:OptimalResolution' drvPrinterEvent="true" type="BIDI_STRING" />
            <Value name="NormalDisplayTag" query="wprt:PrinterCapabilities" filter='wprt:PrinterCapabilities/wprt:JobValues/wprt:DocumentProcessing/wprt:PrintQuality/wprt:AllowedValue[text()="Normal"]/@hpprt:DisplayTag' drvPrinterEvent="true" type="BIDI_STRING" />
            <Value name="NormalHintTag" query="wprt:PrinterCapabilities" filter='wprt:PrinterCapabilities/wprt:JobValues/wprt:DocumentProcessing/wprt:PrintQuality/wprt:AllowedValue[text()="Normal"]/@hpprt:ImageTechnology' drvPrinterEvent="true" type="BIDI_STRING" />
          </Property>
          <Property name="Best">
            <Value name="BestDPI" query="wprt:PrinterCapabilities" filter='wprt:PrinterCapabilities/wprt:JobValues/wprt:DocumentProcessing/wprt:PrintQuality/wprt:AllowedValue[text()="Best"]/@hpprt:OptimalResolution' drvPrinterEvent="true" type="BIDI_STRING" />
            <Value name="BestDisplayTag" query="wprt:PrinterCapabilities" filter='wprt:PrinterCapabilities/wprt:JobValues/wprt:DocumentProcessing/wprt:PrintQuality/wprt:AllowedValue[text()="Best"]/@hpprt:DisplayTag' drvPrinterEvent="true" type="BIDI_STRING" />
            <Value name="BestHintTag" query="wprt:PrinterCapabilities" filter='wprt:PrinterCapabilities/wprt:JobValues/wprt:DocumentProcessing/wprt:PrintQuality/wprt:AllowedValue[text()="Best"]/@hpprt:ImageTechnology' drvPrinterEvent="true" type="BIDI_STRING" />
          </Property>
          <Property name="Max">
            <Value name="MaxDPI" query="wprt:PrinterCapabilities" filter='wprt:PrinterCapabilities/wprt:JobValues/wprt:DocumentProcessing/wprt:PrintQuality/wprt:AllowedValue[text()="Max"]/@hpprt:OptimalResolution' drvPrinterEvent="true" type="BIDI_STRING" />
            <Value name="MaxDisplayTag" query="wprt:PrinterCapabilities" filter='wprt:PrinterCapabilities/wprt:JobValues/wprt:DocumentProcessing/wprt:PrintQuality/wprt:AllowedValue[text()="Max"]/@hpprt:DisplayTag' drvPrinterEvent="true" type="BIDI_STRING" />
            <Value name="MaxHintTag" query="wprt:PrinterCapabilities" filter='wprt:PrinterCapabilities/wprt:JobValues/wprt:DocumentProcessing/wprt:PrintQuality/wprt:AllowedValue[text()="Max"]/@hpprt:ImageTechnology' drvPrinterEvent="true" type="BIDI_STRING" />
          </Property>
          <Property name="Economode">
            <Value name="EcoDPI" query="wprt:PrinterCapabilities" filter='wprt:PrinterCapabilities/wprt:JobValues/wprt:DocumentProcessing/wprt:PrintQuality/wprt:AllowedValue[text()="Economode"]/@hpprt:OptimalResolution' drvPrinterEvent="true" type="BIDI_STRING" />
            <Value name="EcoSupported" query="wprt:PrinterCapabilities" filter='wprt:PrinterCapabilities/wprt:JobValues/wprt:DocumentProcessing/wprt:PrintQuality/wprt:AllowedValue[text()="Economode"]/@hpprt:DisplayTag' drvPrinterEvent="true" type="BIDI_STRING" />
            <Value name="EcoHintTag" query="wprt:PrinterCapabilities" filter='wprt:PrinterCapabilities/wprt:JobValues/wprt:DocumentProcessing/wprt:PrintQuality/wprt:AllowedValue[text()="Economode"]/@hpprt:ImageTechnology' drvPrinterEvent="true" type="BIDI_STRING" />
          </Property>
          <!-- PCv1.0 -->
          <Property name="StandardType1">
            <Installed name="Supported" query="wprt:PrinterCapabilities" filter='wprt:PrinterCapabilities/wprt:JobValues/wprt:DocumentProcessing/wprt:PrintQuality/wprt:AllowedValue[text()="Draft"]' drvPrinterEvent="true" />
            <Value name="Name" query="wprt:PrinterCapabilities" filter='wprt:PrinterCapabilities/wprt:JobValues/wprt:DocumentProcessing/wprt:PrintQuality/wprt:AllowedValue[text()="Draft"]' drvPrinterEvent="true" type="BIDI_STRING" />
            <Value name="OptimalResolution" query="wprt:PrinterCapabilities" filter='wprt:PrinterCapabilities/wprt:JobValues/wprt:DocumentProcessing/wprt:PrintQuality/wprt:AllowedValue[text()="Draft"]/@hpprt:OptimalResolution' drvPrinterEvent="true" type="BIDI_STRING" />
            <Value name="ImageTechnology" query="wprt:PrinterCapabilities" filter='wprt:PrinterCapabilities/wprt:JobValues/wprt:DocumentProcessing/wprt:PrintQuality/wprt:AllowedValue[text()="Draft"]/@hpprt:ImageTechnology' drvPrinterEvent="true" type="BIDI_STRING" />
            <Value name="DisplayTag" query="wprt:PrinterCapabilities" filter='wprt:PrinterCapabilities/wprt:JobValues/wprt:DocumentProcessing/wprt:PrintQuality/wprt:AllowedValue[text()="Draft"]/@hpprt:DisplayTag' drvPrinterEvent="true" type="BIDI_STRING" />
            <Value name="PQMode" query="wprt:PrinterCapabilities" filter='wprt:PrinterCapabilities/wprt:JobValues/wprt:DocumentProcessing/wprt:PrintQuality/wprt:AllowedValue[text()="Draft"]/@hpprt:PQMode' drvPrinterEvent="true" type="BIDI_STRING" />
          </Property>
          <Property name="StandardType2">
            <Installed name="Supported"  query="wprt:PrinterCapabilities" filter='wprt:PrinterCapabilities/wprt:JobValues/wprt:DocumentProcessing/wprt:PrintQuality/wprt:AllowedValue[text()="Normal"]' drvPrinterEvent="true" />
            <Value name="Name"  query="wprt:PrinterCapabilities" filter='wprt:PrinterCapabilities/wprt:JobValues/wprt:DocumentProcessing/wprt:PrintQuality/wprt:AllowedValue[text()="Normal"]' drvPrinterEvent="true" type="BIDI_STRING" />
            <Value name="OptimalResolution" query="wprt:PrinterCapabilities" filter='wprt:PrinterCapabilities/wprt:JobValues/wprt:DocumentProcessing/wprt:PrintQuality/wprt:AllowedValue[text()="Normal"]/@hpprt:OptimalResolution' drvPrinterEvent="true" type="BIDI_STRING" />
            <Value name="ImageTechnology" query="wprt:PrinterCapabilities" filter='wprt:PrinterCapabilities/wprt:JobValues/wprt:DocumentProcessing/wprt:PrintQuality/wprt:AllowedValue[text()="Normal"]/@hpprt:ImageTechnology' drvPrinterEvent="true" type="BIDI_STRING" />
            <Value name="DisplayTag" query="wprt:PrinterCapabilities" filter='wprt:PrinterCapabilities/wprt:JobValues/wprt:DocumentProcessing/wprt:PrintQuality/wprt:AllowedValue[text()="Normal"]/@hpprt:DisplayTag' drvPrinterEvent="true" type="BIDI_STRING" />
            <Value name="PQMode" query="wprt:PrinterCapabilities" filter='wprt:PrinterCapabilities/wprt:JobValues/wprt:DocumentProcessing/wprt:PrintQuality/wprt:AllowedValue[text()="Normal"]/@hpprt:PQMode' drvPrinterEvent="true" type="BIDI_STRING" />
          </Property>
          <Property name="StandardType3">
            <Installed name="Supported"  query="wprt:PrinterCapabilities" filter='wprt:PrinterCapabilities/wprt:JobValues/wprt:DocumentProcessing/wprt:PrintQuality/wprt:AllowedValue[text()="Best"]' drvPrinterEvent="true" />
            <Value name="Name"  query="wprt:PrinterCapabilities" filter='wprt:PrinterCapabilities/wprt:JobValues/wprt:DocumentProcessing/wprt:PrintQuality/wprt:AllowedValue[text()="Best"]' drvPrinterEvent="true" type="BIDI_STRING" />
            <Value name="OptimalResolution" query="wprt:PrinterCapabilities" filter='wprt:PrinterCapabilities/wprt:JobValues/wprt:DocumentProcessing/wprt:PrintQuality/wprt:AllowedValue[text()="Best"]/@hpprt:OptimalResolution' drvPrinterEvent="true" type="BIDI_STRING" />
            <Value name="ImageTechnology" query="wprt:PrinterCapabilities" filter='wprt:PrinterCapabilities/wprt:JobValues/wprt:DocumentProcessing/wprt:PrintQuality/wprt:AllowedValue[text()="Best"]/@hpprt:ImageTechnology' drvPrinterEvent="true" type="BIDI_STRING" />
            <Value name="DisplayTag" query="wprt:PrinterCapabilities" filter='wprt:PrinterCapabilities/wprt:JobValues/wprt:DocumentProcessing/wprt:PrintQuality/wprt:AllowedValue[text()="Best"]/@hpprt:DisplayTag' drvPrinterEvent="true" type="BIDI_STRING" />
            <Value name="PQMode" query="wprt:PrinterCapabilities" filter='wprt:PrinterCapabilities/wprt:JobValues/wprt:DocumentProcessing/wprt:PrintQuality/wprt:AllowedValue[text()="Best"]/@hpprt:PQMode' drvPrinterEvent="true" type="BIDI_STRING" />
          </Property>
          <Property name="StandardType4">
            <Installed name="Supported" query="wprt:PrinterCapabilities" filter='wprt:PrinterCapabilities/wprt:JobValues/wprt:DocumentProcessing/wprt:PrintQuality/wprt:AllowedValue[text()="Max"]' drvPrinterEvent="true" />
            <Value name="Name" query="wprt:PrinterCapabilities" filter='wprt:PrinterCapabilities/wprt:JobValues/wprt:DocumentProcessing/wprt:PrintQuality/wprt:AllowedValue[text()="Max"]' drvPrinterEvent="true" type="BIDI_STRING" />
            <Value name="OptimalResolution" query="wprt:PrinterCapabilities" filter='wprt:PrinterCapabilities/wprt:JobValues/wprt:DocumentProcessing/wprt:PrintQuality/wprt:AllowedValue[text()="Max"]/@hpprt:OptimalResolution' drvPrinterEvent="true" type="BIDI_STRING" />
            <Value name="ImageTechnology" query="wprt:PrinterCapabilities" filter='wprt:PrinterCapabilities/wprt:JobValues/wprt:DocumentProcessing/wprt:PrintQuality/wprt:AllowedValue[text()="Max"]/@hpprt:ImageTechnology' drvPrinterEvent="true" type="BIDI_STRING" />
            <Value name="DisplayTag" query="wprt:PrinterCapabilities" filter='wprt:PrinterCapabilities/wprt:JobValues/wprt:DocumentProcessing/wprt:PrintQuality/wprt:AllowedValue[text()="Max"]/@hpprt:DisplayTag' drvPrinterEvent="true" type="BIDI_STRING" />
            <Value name="PQMode" query="wprt:PrinterCapabilities" filter='wprt:PrinterCapabilities/wprt:JobValues/wprt:DocumentProcessing/wprt:PrintQuality/wprt:AllowedValue[text()="Max"]/@hpprt:PQMode' drvPrinterEvent="true" type="BIDI_STRING" />
          </Property>
          <Property name="StandardType5">
            <Installed name="Supported" query="wprt:PrinterCapabilities" filter='wprt:PrinterCapabilities/wprt:JobValues/wprt:DocumentProcessing/wprt:PrintQuality/wprt:AllowedValue[text()="Economode"]' drvPrinterEvent="true" />
            <Value name="Name" query="wprt:PrinterCapabilities" filter='wprt:PrinterCapabilities/wprt:JobValues/wprt:DocumentProcessing/wprt:PrintQuality/wprt:AllowedValue[text()="Economode"]' drvPrinterEvent="true" type="BIDI_STRING" />
            <Value name="OptimalResolution" query="wprt:PrinterCapabilities" filter='wprt:PrinterCapabilities/wprt:JobValues/wprt:DocumentProcessing/wprt:PrintQuality/wprt:AllowedValue[text()="Economode"]/@hpprt:OptimalResolution' drvPrinterEvent="true" type="BIDI_STRING" />
            <Value name="ImageTechnology" query="wprt:PrinterCapabilities" filter='wprt:PrinterCapabilities/wprt:JobValues/wprt:DocumentProcessing/wprt:PrintQuality/wprt:AllowedValue[text()="Economode"]/@hpprt:ImageTechnology' drvPrinterEvent="true" type="BIDI_STRING" />
            <Value name="DisplayTag" query="wprt:PrinterCapabilities" filter='wprt:PrinterCapabilities/wprt:JobValues/wprt:DocumentProcessing/wprt:PrintQuality/wprt:AllowedValue[text()="Economode"]/@hpprt:DisplayTag' drvPrinterEvent="true" type="BIDI_STRING" />
            <Value name="PQMode" query="wprt:PrinterCapabilities" filter='wprt:PrinterCapabilities/wprt:JobValues/wprt:DocumentProcessing/wprt:PrintQuality/wprt:AllowedValue[text()="Economode"]/@hpprt:PQMode' drvPrinterEvent="true" type="BIDI_STRING" />
          </Property>
        </Property>
        <Property name="PrintContract">
          <Value name="VersionMajor" query="wprt:PrinterConfiguration" filter='wprt:PrinterConfiguration/hpprt:OemPrinterConfiguration/hpprt:PCVersion/hpprt:Major' drvPrinterEvent="true" type="BIDI_STRING" />
          <Value name="VersionMinor" query="wprt:PrinterConfiguration" filter='wprt:PrinterConfiguration/hpprt:OemPrinterConfiguration/hpprt:PCVersion/hpprt:Minor' drvPrinterEvent="true" type="BIDI_STRING" />
        </Property>
      <Property name="EasyColorDefaultSupport">
        <Value name="Installed" query="wprt:PrinterCapabilities" filter='wprt:PrinterCapabilities/wprt:JobValues/wprt:DocumentProcessing/hpprt:OemDocumentProcessing/hpprt:EasycolorDefault' drvPrinterEvent="true" type="BIDI_STRING" />
      </Property>
      </Property>        
      <Property name="Layout">
        <Property name="InputBins">
          <!--Property name="PhotoTrayUnit002">
            <Installed name="Installed" query="wprt:PrinterConfiguration" filter="wprt:PrinterConfiguration/wprt:InputBins/wprt:InputBinEntry[@wprt:Name="PhotoTray"]" drvPrinterEvent="true" />
          </Property-->
          <Property name="PhotoTrayUnit002">
            <Installed name="Installed" query="wprt:PrinterConfiguration" filter='wprt:PrinterConfiguration/wprt:InputBins/wprt:InputBinEntry[@wprt:Name="PhotoTray"]' drvPrinterEvent="true"/>
          </Property>
          <Property name="Tray001">
            <Installed name="Installed" query="wprt:PrinterConfiguration" filter='wprt:PrinterConfiguration/wprt:InputBins/wprt:InputBinEntry[@wprt:Name="Tray 1" or @wprt:Name="Tray1"]' drvPrinterEvent="true" />
            <Value name="MediaSize" query="wprt:PrinterConfiguration" filter='wprt:PrinterConfiguration/wprt:InputBins/wprt:InputBinEntry[@wprt:Name="Tray 1" or @wprt:Name="Tray1"]/wprt:MediaSize' type="BIDI_STRING" drvPrinterEvent="true" />
            <Value name="MediaType" query="wprt:PrinterConfiguration" filter='wprt:PrinterConfiguration/wprt:InputBins/wprt:InputBinEntry[@wprt:Name="Tray 1" or @wprt:Name="Tray1"]/wprt:MediaType' type="BIDI_STRING" drvPrinterEvent="true" />
            <Value name="MediaColor" query="wprt:PrinterConfiguration" filter='wprt:PrinterConfiguration/wprt:InputBins/wprt:InputBinEntry[@wprt:Name="Tray 1" or @wprt:Name="Tray1"]/wprt:MediaColor' type="BIDI_STRING" drvPrinterEvent="true" />
            <Value name="FeedDirection" query="wprt:PrinterConfiguration" filter='wprt:PrinterConfiguration/wprt:InputBins/wprt:InputBinEntry[@wprt:Name="Tray 1" or @wprt:Name="Tray1"]/wprt:FeedDirection' type="BIDI_STRING" drvPrinterEvent="true" />
            <Value name="Capacity" query="wprt:PrinterConfiguration" filter='wprt:PrinterConfiguration/wprt:InputBins/wprt:InputBinEntry[@wprt:Name="Tray 1" or @wprt:Name="Tray1"]/wprt:Capacity' type="BIDI_INT" drvPrinterEvent="true" />
            <Value name="Level" query="wprt:PrinterConfiguration" filter='wprt:PrinterConfiguration/wprt:InputBins/wprt:InputBinEntry[@wprt:Name="Tray 1" or @wprt:Name="Tray1"]/wprt:Level' type="BIDI_INT" drvPrinterEvent="true" />
          </Property>
          <Property name="Tray002">
            <Installed name="Installed" query="wprt:PrinterConfiguration" filter='wprt:PrinterConfiguration/wprt:InputBins/wprt:InputBinEntry[@wprt:Name="Tray 2" or @wprt:Name="Tray2"]' drvPrinterEvent="true" />
            <Value name="MediaSize" query="wprt:PrinterConfiguration" filter='wprt:PrinterConfiguration/wprt:InputBins/wprt:InputBinEntry[@wprt:Name="Tray 2" or @wprt:Name="Tray2"]/wprt:MediaSize' type="BIDI_STRING" drvPrinterEvent="true" />
            <Value name="MediaType" query="wprt:PrinterConfiguration" filter='wprt:PrinterConfiguration/wprt:InputBins/wprt:InputBinEntry[@wprt:Name="Tray 2" or @wprt:Name="Tray2"]/wprt:MediaType' type="BIDI_STRING" drvPrinterEvent="true" />
            <Value name="MediaColor" query="wprt:PrinterConfiguration" filter='wprt:PrinterConfiguration/wprt:InputBins/wprt:InputBinEntry[@wprt:Name="Tray 2" or @wprt:Name="Tray2"]/wprt:MediaColor' type="BIDI_STRING" drvPrinterEvent="true" />
            <Value name="FeedDirection" query="wprt:PrinterConfiguration" filter='wprt:PrinterConfiguration/wprt:InputBins/wprt:InputBinEntry[@wprt:Name="Tray 2" or @wprt:Name="Tray2"]/wprt:FeedDirection' type="BIDI_STRING" drvPrinterEvent="true" />
            <Value name="Capacity" query="wprt:PrinterConfiguration" filter='wprt:PrinterConfiguration/wprt:InputBins/wprt:InputBinEntry[@wprt:Name="Tray 2" or @wprt:Name="Tray2"]/wprt:Capacity' type="BIDI_INT" drvPrinterEvent="true" />
            <Value name="Level" query="wprt:PrinterConfiguration" filter='wprt:PrinterConfiguration/wprt:InputBins/wprt:InputBinEntry[@wprt:Name="Tray 2" or @wprt:Name="Tray2"]/wprt:Level' type="BIDI_INT" drvPrinterEvent="true" />
          </Property>
          <Property name="Tray003">
            <Installed name="Installed" query="wprt:PrinterConfiguration" filter='wprt:PrinterConfiguration/wprt:InputBins/wprt:InputBinEntry[@wprt:Name="Tray 3" or @wprt:Name="Tray3"]' drvPrinterEvent="true" />
            <Value name="MediaSize" query="wprt:PrinterConfiguration" filter='wprt:PrinterConfiguration/wprt:InputBins/wprt:InputBinEntry[@wprt:Name="Tray 3" or @wprt:Name="Tray3"]/wprt:MediaSize' type="BIDI_STRING" drvPrinterEvent="true" />
            <Value name="MediaType" query="wprt:PrinterConfiguration" filter='wprt:PrinterConfiguration/wprt:InputBins/wprt:InputBinEntry[@wprt:Name="Tray 3" or @wprt:Name="Tray3"]/wprt:MediaType' type="BIDI_STRING" drvPrinterEvent="true" />
            <Value name="MediaColor" query="wprt:PrinterConfiguration" filter='wprt:PrinterConfiguration/wprt:InputBins/wprt:InputBinEntry[@wprt:Name="Tray 3" or @wprt:Name="Tray3"]/wprt:MediaColor' type="BIDI_STRING" drvPrinterEvent="true" />
            <Value name="FeedDirection" query="wprt:PrinterConfiguration" filter='wprt:PrinterConfiguration/wprt:InputBins/wprt:InputBinEntry[@wprt:Name="Tray 3" or @wprt:Name="Tray3"]/wprt:FeedDirection' type="BIDI_STRING" drvPrinterEvent="true" />
            <Value name="Capacity" query="wprt:PrinterConfiguration" filter='wprt:PrinterConfiguration/wprt:InputBins/wprt:InputBinEntry[@wprt:Name="Tray 3" or @wprt:Name="Tray3"]/wprt:Capacity' type="BIDI_INT" drvPrinterEvent="true" />
            <Value name="Level" query="wprt:PrinterConfiguration" filter='wprt:PrinterConfiguration/wprt:InputBins/wprt:InputBinEntry[@wprt:Name="Tray 3" or @wprt:Name="Tray3"]/wprt:Level' type="BIDI_INT" drvPrinterEvent="true" />
          </Property>
          <Property name="Tray005">
            <Installed name="Installed" query="wprt:PrinterConfiguration" filter='wprt:PrinterConfiguration/wprt:InputBins/wprt:InputBinEntry[@wprt:Name="Tray 4" or @wprt:Name="Tray4"]' drvPrinterEvent="true" />
            <Value name="MediaSize" query="wprt:PrinterConfiguration" filter='wprt:PrinterConfiguration/wprt:InputBins/wprt:InputBinEntry[@wprt:Name="Tray 4" or @wprt:Name="Tray4"]/wprt:MediaSize' type="BIDI_STRING" drvPrinterEvent="true" />
            <Value name="MediaType" query="wprt:PrinterConfiguration" filter='wprt:PrinterConfiguration/wprt:InputBins/wprt:InputBinEntry[@wprt:Name="Tray 4" or @wprt:Name="Tray4"]/wprt:MediaType' type="BIDI_STRING" drvPrinterEvent="true" />
            <Value name="MediaColor" query="wprt:PrinterConfiguration" filter='wprt:PrinterConfiguration/wprt:InputBins/wprt:InputBinEntry[@wprt:Name="Tray 4" or @wprt:Name="Tray4"]/wprt:MediaColor' type="BIDI_STRING" drvPrinterEvent="true" />
            <Value name="FeedDirection" query="wprt:PrinterConfiguration" filter='wprt:PrinterConfiguration/wprt:InputBins/wprt:InputBinEntry[@wprt:Name="Tray 4" or @wprt:Name="Tray4"]/wprt:FeedDirection' type="BIDI_STRING" drvPrinterEvent="true" />
            <Value name="Capacity" query="wprt:PrinterConfiguration" filter='wprt:PrinterConfiguration/wprt:InputBins/wprt:InputBinEntry[@wprt:Name="Tray 4" or @wprt:Name="Tray4"]/wprt:Capacity' type="BIDI_INT" drvPrinterEvent="true" />
            <Value name="Level" query="wprt:PrinterConfiguration" filter='wprt:PrinterConfiguration/wprt:InputBins/wprt:InputBinEntry[@wprt:Name="Tray 4" or @wprt:Name="Tray4"]/wprt:Level' type="BIDI_INT" drvPrinterEvent="true" />
          </Property>
          <Property name="Tray006">
            <Installed name="Installed" query="wprt:PrinterConfiguration" filter='wprt:PrinterConfiguration/wprt:InputBins/wprt:InputBinEntry[@wprt:Name="Tray 5" or @wprt:Name="Tray5"]' drvPrinterEvent="true" />
            <Value name="MediaSize" query="wprt:PrinterConfiguration" filter='wprt:PrinterConfiguration/wprt:InputBins/wprt:InputBinEntry[@wprt:Name="Tray 5" or @wprt:Name="Tray5"]/wprt:MediaSize' type="BIDI_STRING" drvPrinterEvent="true" />
            <Value name="MediaType" query="wprt:PrinterConfiguration" filter='wprt:PrinterConfiguration/wprt:InputBins/wprt:InputBinEntry[@wprt:Name="Tray 5" or @wprt:Name="Tray5"]/wprt:MediaType' type="BIDI_STRING" drvPrinterEvent="true" />
            <Value name="MediaColor" query="wprt:PrinterConfiguration" filter='wprt:PrinterConfiguration/wprt:InputBins/wprt:InputBinEntry[@wprt:Name="Tray 5" or @wprt:Name="Tray5"]/wprt:MediaColor' type="BIDI_STRING" drvPrinterEvent="true" />
            <Value name="FeedDirection" query="wprt:PrinterConfiguration" filter='wprt:PrinterConfiguration/wprt:InputBins/wprt:InputBinEntry[@wprt:Name="Tray 5" or @wprt:Name="Tray5"]/wprt:FeedDirection' type="BIDI_STRING" drvPrinterEvent="true" />
            <Value name="Capacity" query="wprt:PrinterConfiguration" filter='wprt:PrinterConfiguration/wprt:InputBins/wprt:InputBinEntry[@wprt:Name="Tray 5" or @wprt:Name="Tray5"]/wprt:Capacity' type="BIDI_INT" drvPrinterEvent="true" />
            <Value name="Level" query="wprt:PrinterConfiguration" filter='wprt:PrinterConfiguration/wprt:InputBins/wprt:InputBinEntry[@wprt:Name="Tray 5" or @wprt:Name="Tray5"]/wprt:Level' type="BIDI_INT" drvPrinterEvent="true" />
          </Property>
          <Property name="Tray007">
            <Installed name="Installed" query="wprt:PrinterConfiguration" filter='wprt:PrinterConfiguration/wprt:InputBins/wprt:InputBinEntry[@wprt:Name="Tray 6" or @wprt:Name="Tray6"]' drvPrinterEvent="true" />
            <Value name="MediaSize" query="wprt:PrinterConfiguration" filter='wprt:PrinterConfiguration/wprt:InputBins/wprt:InputBinEntry[@wprt:Name="Tray 6" or @wprt:Name="Tray6"]/wprt:MediaSize' type="BIDI_STRING" drvPrinterEvent="true" />
            <Value name="MediaType" query="wprt:PrinterConfiguration" filter='wprt:PrinterConfiguration/wprt:InputBins/wprt:InputBinEntry[@wprt:Name="Tray 6" or @wprt:Name="Tray6"]/wprt:MediaType' type="BIDI_STRING" drvPrinterEvent="true" />
            <Value name="MediaColor" query="wprt:PrinterConfiguration" filter='wprt:PrinterConfiguration/wprt:InputBins/wprt:InputBinEntry[@wprt:Name="Tray 6" or @wprt:Name="Tray6"]/wprt:MediaColor' type="BIDI_STRING" drvPrinterEvent="true" />
            <Value name="FeedDirection" query="wprt:PrinterConfiguration" filter='wprt:PrinterConfiguration/wprt:InputBins/wprt:InputBinEntry[@wprt:Name="Tray 6 or @wprt:Name="Tray6""]/wprt:FeedDirection' type="BIDI_STRING" drvPrinterEvent="true" />
            <Value name="Capacity" query="wprt:PrinterConfiguration" filter='wprt:PrinterConfiguration/wprt:InputBins/wprt:InputBinEntry[@wprt:Name="Tray 6" or @wprt:Name="Tray6"]/wprt:Capacity' type="BIDI_INT" drvPrinterEvent="true" />
            <Value name="Level" query="wprt:PrinterConfiguration" filter='wprt:PrinterConfiguration/wprt:InputBins/wprt:InputBinEntry[@wprt:Name="Tray 6 or @wprt:Name="Tray6""]/wprt:Level' type="BIDI_INT" drvPrinterEvent="true" />
          </Property>
          <Property name="Tray008">
            <Installed name="Installed" query="wprt:PrinterConfiguration" filter='wprt:PrinterConfiguration/wprt:InputBins/wprt:InputBinEntry[@wprt:Name="Tray 7" or @wprt:Name="Tray7"]' drvPrinterEvent="true" />
            <Value name="MediaSize" query="wprt:PrinterConfiguration" filter='wprt:PrinterConfiguration/wprt:InputBins/wprt:InputBinEntry[@wprt:Name="Tray 7" or @wprt:Name="Tray7"]/wprt:MediaSize' type="BIDI_STRING" drvPrinterEvent="true" />
            <Value name="MediaType" query="wprt:PrinterConfiguration" filter='wprt:PrinterConfiguration/wprt:InputBins/wprt:InputBinEntry[@wprt:Name="Tray 7" or @wprt:Name="Tray7"]/wprt:MediaType' type="BIDI_STRING" drvPrinterEvent="true" />
            <Value name="MediaColor" query="wprt:PrinterConfiguration" filter='wprt:PrinterConfiguration/wprt:InputBins/wprt:InputBinEntry[@wprt:Name="Tray 7" or @wprt:Name="Tray7"]/wprt:MediaColor' type="BIDI_STRING" drvPrinterEvent="true" />
            <Value name="FeedDirection" query="wprt:PrinterConfiguration" filter='wprt:PrinterConfiguration/wprt:InputBins/wprt:InputBinEntry[@wprt:Name="Tray 7 or @wprt:Name="Tray7""]/wprt:FeedDirection' type="BIDI_STRING" drvPrinterEvent="true" />
            <Value name="Capacity" query="wprt:PrinterConfiguration" filter='wprt:PrinterConfiguration/wprt:InputBins/wprt:InputBinEntry[@wprt:Name="Tray 7" or @wprt:Name="Tray7"]/wprt:Capacity' type="BIDI_INT" drvPrinterEvent="true" />
            <Value name="Level" query="wprt:PrinterConfiguration" filter='wprt:PrinterConfiguration/wprt:InputBins/wprt:InputBinEntry[@wprt:Name="Tray 7 or @wprt:Name="Tray7""]/wprt:Level' type="BIDI_INT" drvPrinterEvent="true" />
          </Property>
          <Property name="Tray009">
            <Installed name="Installed" query="wprt:PrinterConfiguration" filter='wprt:PrinterConfiguration/wprt:InputBins/wprt:InputBinEntry[@wprt:Name="Tray 8" or @wprt:Name="Tray8"]' drvPrinterEvent="true" />
            <Value name="MediaSize" query="wprt:PrinterConfiguration" filter='wprt:PrinterConfiguration/wprt:InputBins/wprt:InputBinEntry[@wprt:Name="Tray 8" or @wprt:Name="Tray8"]/wprt:MediaSize' type="BIDI_STRING" drvPrinterEvent="true" />
            <Value name="MediaType" query="wprt:PrinterConfiguration" filter='wprt:PrinterConfiguration/wprt:InputBins/wprt:InputBinEntry[@wprt:Name="Tray 8" or @wprt:Name="Tray8"]/wprt:MediaType' type="BIDI_STRING" drvPrinterEvent="true" />
            <Value name="MediaColor" query="wprt:PrinterConfiguration" filter='wprt:PrinterConfiguration/wprt:InputBins/wprt:InputBinEntry[@wprt:Name="Tray 8" or @wprt:Name="Tray8"]/wprt:MediaColor' type="BIDI_STRING" drvPrinterEvent="true" />
            <Value name="FeedDirection" query="wprt:PrinterConfiguration" filter='wprt:PrinterConfiguration/wprt:InputBins/wprt:InputBinEntry[@wprt:Name="Tray 8 or @wprt:Name="Tray8""]/wprt:FeedDirection' type="BIDI_STRING" drvPrinterEvent="true" />
            <Value name="Capacity" query="wprt:PrinterConfiguration" filter='wprt:PrinterConfiguration/wprt:InputBins/wprt:InputBinEntry[@wprt:Name="Tray 8" or @wprt:Name="Tray8"]/wprt:Capacity' type="BIDI_INT" drvPrinterEvent="true" />
            <Value name="Level" query="wprt:PrinterConfiguration" filter='wprt:PrinterConfiguration/wprt:InputBins/wprt:InputBinEntry[@wprt:Name="Tray 8 or @wprt:Name="Tray8""]/wprt:Level' type="BIDI_INT" drvPrinterEvent="true" />
          </Property>
          <Property name="Tray010">
            <Installed name="Installed" query="wprt:PrinterConfiguration" filter='wprt:PrinterConfiguration/wprt:InputBins/wprt:InputBinEntry[@wprt:Name="Tray 9" or @wprt:Name="Tray9"]' drvPrinterEvent="true" />
            <Value name="MediaSize" query="wprt:PrinterConfiguration" filter='wprt:PrinterConfiguration/wprt:InputBins/wprt:InputBinEntry[@wprt:Name="Tray 9" or @wprt:Name="Tray9"]/wprt:MediaSize' type="BIDI_STRING" drvPrinterEvent="true" />
            <Value name="MediaType" query="wprt:PrinterConfiguration" filter='wprt:PrinterConfiguration/wprt:InputBins/wprt:InputBinEntry[@wprt:Name="Tray 9" or @wprt:Name="Tray9"]/wprt:MediaType' type="BIDI_STRING" drvPrinterEvent="true" />
            <Value name="MediaColor" query="wprt:PrinterConfiguration" filter='wprt:PrinterConfiguration/wprt:InputBins/wprt:InputBinEntry[@wprt:Name="Tray 9" or @wprt:Name="Tray9"]/wprt:MediaColor' type="BIDI_STRING" drvPrinterEvent="true" />
            <Value name="FeedDirection" query="wprt:PrinterConfiguration" filter='wprt:PrinterConfiguration/wprt:InputBins/wprt:InputBinEntry[@wprt:Name="Tray 9 or @wprt:Name="Tray9""]/wprt:FeedDirection' type="BIDI_STRING" drvPrinterEvent="true" />
            <Value name="Capacity" query="wprt:PrinterConfiguration" filter='wprt:PrinterConfiguration/wprt:InputBins/wprt:InputBinEntry[@wprt:Name="Tray 9" or @wprt:Name="Tray9"]/wprt:Capacity' type="BIDI_INT" drvPrinterEvent="true" />
            <Value name="Level" query="wprt:PrinterConfiguration" filter='wprt:PrinterConfiguration/wprt:InputBins/wprt:InputBinEntry[@wprt:Name="Tray 9 or @wprt:Name="Tray9""]/wprt:Level' type="BIDI_INT" drvPrinterEvent="true" />
          </Property>
          <Property name="Tray011">
            <Installed name="Installed" query="wprt:PrinterConfiguration" filter='wprt:PrinterConfiguration/wprt:InputBins/wprt:InputBinEntry[@wprt:Name="Tray 10" or @wprt:Name="Tray10"]' drvPrinterEvent="true" />
            <Value name="MediaSize" query="wprt:PrinterConfiguration" filter='wprt:PrinterConfiguration/wprt:InputBins/wprt:InputBinEntry[@wprt:Name="Tray 10" or @wprt:Name="Tray10"]/wprt:MediaSize' type="BIDI_STRING" drvPrinterEvent="true" />
            <Value name="MediaType" query="wprt:PrinterConfiguration" filter='wprt:PrinterConfiguration/wprt:InputBins/wprt:InputBinEntry[@wprt:Name="Tray 10" or @wprt:Name="Tray10"]/wprt:MediaType' type="BIDI_STRING" drvPrinterEvent="true" />
            <Value name="MediaColor" query="wprt:PrinterConfiguration" filter='wprt:PrinterConfiguration/wprt:InputBins/wprt:InputBinEntry[@wprt:Name="Tray 10" or @wprt:Name="Tray10"]/wprt:MediaColor' type="BIDI_STRING" drvPrinterEvent="true" />
            <Value name="FeedDirection" query="wprt:PrinterConfiguration" filter='wprt:PrinterConfiguration/wprt:InputBins/wprt:InputBinEntry[@wprt:Name="Tray 10 or @wprt:Name="Tray10""]/wprt:FeedDirection' type="BIDI_STRING" drvPrinterEvent="true" />
            <Value name="Capacity" query="wprt:PrinterConfiguration" filter='wprt:PrinterConfiguration/wprt:InputBins/wprt:InputBinEntry[@wprt:Name="Tray 10" or @wprt:Name="Tray10"]/wprt:Capacity' type="BIDI_INT" drvPrinterEvent="true" />
            <Value name="Level" query="wprt:PrinterConfiguration" filter='wprt:PrinterConfiguration/wprt:InputBins/wprt:InputBinEntry[@wprt:Name="Tray 10 or @wprt:Name="Tray10""]/wprt:Level' type="BIDI_INT" drvPrinterEvent="true" />
          </Property>
          <Property name="Tray012">
            <Installed name="Installed" query="wprt:PrinterConfiguration" filter='wprt:PrinterConfiguration/wprt:InputBins/wprt:InputBinEntry[@wprt:Name="Tray 11" or @wprt:Name="Tray11"]' drvPrinterEvent="true"/>
            <Value name="MediaSize" query="wprt:PrinterConfiguration" filter='wprt:PrinterConfiguration/wprt:InputBins/wprt:InputBinEntry[@wprt:Name="Tray 11" or @wprt:Name="Tray11"]/wprt:MediaSize' type="BIDI_STRING" drvPrinterEvent="true"/>
            <Value name="MediaType" query="wprt:PrinterConfiguration" filter='wprt:PrinterConfiguration/wprt:InputBins/wprt:InputBinEntry[@wprt:Name="Tray 11" or @wprt:Name="Tray11"]/wprt:MediaType' type="BIDI_STRING" drvPrinterEvent="true"/>
            <Value name="MediaColor" query="wprt:PrinterConfiguration" filter='wprt:PrinterConfiguration/wprt:InputBins/wprt:InputBinEntry[@wprt:Name="Tray 11" or @wprt:Name="Tray11"]/wprt:MediaColor' type="BIDI_STRING" drvPrinterEvent="true"/>
            <Value name="FeedDirection" query="wprt:PrinterConfiguration" filter='wprt:PrinterConfiguration/wprt:InputBins/wprt:InputBinEntry[@wprt:Name="Tray 11" or @wprt:Name="Tray11"]/wprt:FeedDirection' type="BIDI_STRING" drvPrinterEvent="true"/>
            <Value name="Capacity" query="wprt:PrinterConfiguration" filter='wprt:PrinterConfiguration/wprt:InputBins/wprt:InputBinEntry[@wprt:Name="Tray 11" or @wprt:Name="Tray11"]/wprt:Capacity' type="BIDI_INT" drvPrinterEvent="true"/>
            <Value name="Level" query="wprt:PrinterConfiguration" filter='wprt:PrinterConfiguration/wprt:InputBins/wprt:InputBinEntry[@wprt:Name="Tray 11" or @wprt:Name="Tray11"]/wprt:Level' type="BIDI_INT" drvPrinterEvent="true"/>
            <Value name="Status" query="wprt:PrinterConfiguration" filter='wprt:PrinterConfiguration/wprt:InputBins/wprt:InputBinEntry[@wprt:Name="Tray 11"]/hpprt:Status' type="BIDI_INT" drvPrinterEvent="true"/>
          </Property>
          <Property name="Tray013">
            <Installed name="Installed" query="wprt:PrinterConfiguration" filter='wprt:PrinterConfiguration/wprt:InputBins/wprt:InputBinEntry[@wprt:Name="Tray 12" or @wprt:Name="Tray12"]' drvPrinterEvent="true"/>
            <Value name="MediaSize" query="wprt:PrinterConfiguration" filter='wprt:PrinterConfiguration/wprt:InputBins/wprt:InputBinEntry[@wprt:Name="Tray 12" or @wprt:Name="Tray12"]/wprt:MediaSize' type="BIDI_STRING" drvPrinterEvent="true"/>
            <Value name="MediaType" query="wprt:PrinterConfiguration" filter='wprt:PrinterConfiguration/wprt:InputBins/wprt:InputBinEntry[@wprt:Name="Tray 12" or @wprt:Name="Tray12"]/wprt:MediaType' type="BIDI_STRING" drvPrinterEvent="true"/>
            <Value name="MediaColor" query="wprt:PrinterConfiguration" filter='wprt:PrinterConfiguration/wprt:InputBins/wprt:InputBinEntry[@wprt:Name="Tray 12" or @wprt:Name="Tray12"]/wprt:MediaColor' type="BIDI_STRING" drvPrinterEvent="true"/>
            <Value name="FeedDirection" query="wprt:PrinterConfiguration" filter='wprt:PrinterConfiguration/wprt:InputBins/wprt:InputBinEntry[@wprt:Name="Tray 12" or @wprt:Name="Tray12"]/wprt:FeedDirection' type="BIDI_STRING" drvPrinterEvent="true"/>
            <Value name="Capacity" query="wprt:PrinterConfiguration" filter='wprt:PrinterConfiguration/wprt:InputBins/wprt:InputBinEntry[@wprt:Name="Tray 12" or @wprt:Name="Tray12"]/wprt:Capacity' type="BIDI_INT" drvPrinterEvent="true"/>
            <Value name="Level" query="wprt:PrinterConfiguration" filter='wprt:PrinterConfiguration/wprt:InputBins/wprt:InputBinEntry[@wprt:Name="Tray 12" or @wprt:Name="Tray12"]/wprt:Level' type="BIDI_INT" drvPrinterEvent="true"/>
            <Value name="Status" query="wprt:PrinterConfiguration" filter='wprt:PrinterConfiguration/wprt:InputBins/wprt:InputBinEntry[@wprt:Name="Tray 12"]/hpprt:Status' type="BIDI_INT" drvPrinterEvent="true"/>
          </Property>
          <Property name="Tray014">
            <Installed name="Installed" query="wprt:PrinterConfiguration" filter='wprt:PrinterConfiguration/wprt:InputBins/wprt:InputBinEntry[@wprt:Name="Tray 13" or @wprt:Name="Tray13"]' drvPrinterEvent="true"/>
            <Value name="MediaSize" query="wprt:PrinterConfiguration" filter='wprt:PrinterConfiguration/wprt:InputBins/wprt:InputBinEntry[@wprt:Name="Tray 13" or @wprt:Name="Tray13"]/wprt:MediaSize' type="BIDI_STRING" drvPrinterEvent="true"/>
            <Value name="MediaType" query="wprt:PrinterConfiguration" filter='wprt:PrinterConfiguration/wprt:InputBins/wprt:InputBinEntry[@wprt:Name="Tray 13" or @wprt:Name="Tray13"]/wprt:MediaType' type="BIDI_STRING" drvPrinterEvent="true"/>
            <Value name="MediaColor" query="wprt:PrinterConfiguration" filter='wprt:PrinterConfiguration/wprt:InputBins/wprt:InputBinEntry[@wprt:Name="Tray 13" or @wprt:Name="Tray13"]/wprt:MediaColor' type="BIDI_STRING" drvPrinterEvent="true"/>
            <Value name="FeedDirection" query="wprt:PrinterConfiguration" filter='wprt:PrinterConfiguration/wprt:InputBins/wprt:InputBinEntry[@wprt:Name="Tray 13" or @wprt:Name="Tray13"]/wprt:FeedDirection' type="BIDI_STRING" drvPrinterEvent="true"/>
            <Value name="Capacity" query="wprt:PrinterConfiguration" filter='wprt:PrinterConfiguration/wprt:InputBins/wprt:InputBinEntry[@wprt:Name="Tray 13" or @wprt:Name="Tray13"]/wprt:Capacity' type="BIDI_INT" drvPrinterEvent="true"/>
            <Value name="Level" query="wprt:PrinterConfiguration" filter='wprt:PrinterConfiguration/wprt:InputBins/wprt:InputBinEntry[@wprt:Name="Tray 13" or @wprt:Name="Tray13"]/wprt:Level' type="BIDI_INT" drvPrinterEvent="true"/>
            <Value name="Status" query="wprt:PrinterConfiguration" filter='wprt:PrinterConfiguration/wprt:InputBins/wprt:InputBinEntry[@wprt:Name="Tray 13"]/hpprt:Status' type="BIDI_INT" drvPrinterEvent="true"/>
          </Property>
          <Property name="Tray015">
            <Installed name="Installed" query="wprt:PrinterConfiguration" filter='wprt:PrinterConfiguration/wprt:InputBins/wprt:InputBinEntry[@wprt:Name="Tray 14" or @wprt:Name="Tray14"]' drvPrinterEvent="true"/>
            <Value name="MediaSize" query="wprt:PrinterConfiguration" filter='wprt:PrinterConfiguration/wprt:InputBins/wprt:InputBinEntry[@wprt:Name="Tray 14" or @wprt:Name="Tray14"]/wprt:MediaSize' type="BIDI_STRING" drvPrinterEvent="true"/>
            <Value name="MediaType" query="wprt:PrinterConfiguration" filter='wprt:PrinterConfiguration/wprt:InputBins/wprt:InputBinEntry[@wprt:Name="Tray 14" or @wprt:Name="Tray14"]/wprt:MediaType' type="BIDI_STRING" drvPrinterEvent="true"/>
            <Value name="MediaColor" query="wprt:PrinterConfiguration" filter='wprt:PrinterConfiguration/wprt:InputBins/wprt:InputBinEntry[@wprt:Name="Tray 14" or @wprt:Name="Tray14"]/wprt:MediaColor' type="BIDI_STRING" drvPrinterEvent="true"/>
            <Value name="FeedDirection" query="wprt:PrinterConfiguration" filter='wprt:PrinterConfiguration/wprt:InputBins/wprt:InputBinEntry[@wprt:Name="Tray 14" or @wprt:Name="Tray14"]/wprt:FeedDirection' type="BIDI_STRING" drvPrinterEvent="true"/>
            <Value name="Capacity" query="wprt:PrinterConfiguration" filter='wprt:PrinterConfiguration/wprt:InputBins/wprt:InputBinEntry[@wprt:Name="Tray 14" or @wprt:Name="Tray14"]/wprt:Capacity' type="BIDI_INT" drvPrinterEvent="true"/>
            <Value name="Level" query="wprt:PrinterConfiguration" filter='wprt:PrinterConfiguration/wprt:InputBins/wprt:InputBinEntry[@wprt:Name="Tray 14" or @wprt:Name="Tray14"]/wprt:Level' type="BIDI_INT" drvPrinterEvent="true"/>
            <Value name="Status" query="wprt:PrinterConfiguration" filter='wprt:PrinterConfiguration/wprt:InputBins/wprt:InputBinEntry[@wprt:Name="Tray 14"]/hpprt:Status' type="BIDI_INT" drvPrinterEvent="true"/>
          </Property>
          <Property name="Tray004">
            <Installed name="Installed" query="wprt:PrinterConfiguration" filter='wprt:PrinterConfiguration/wprt:InputBins/wprt:InputBinEntry[@wprt:Name="Envelope Feeder" or @wprt:Name="EnvelopeFeeder"]' drvPrinterEvent="true" />
            <Value name="MediaSize" query="wprt:PrinterConfiguration" filter='wprt:PrinterConfiguration/wprt:InputBins/wprt:InputBinEntry[@wprt:Name="Envelope Feeder" or @wprt:Name="EnvelopeFeeder"]/wprt:MediaSize' type="BIDI_STRING" drvPrinterEvent="true" />
            <Value name="MediaType" query="wprt:PrinterConfiguration" filter='wprt:PrinterConfiguration/wprt:InputBins/wprt:InputBinEntry[@wprt:Name="Envelope Feeder" or @wprt:Name="EnvelopeFeeder"]/wprt:MediaType' type="BIDI_STRING" drvPrinterEvent="true" />
            <Value name="MediaColor" query="wprt:PrinterConfiguration" filter='wprt:PrinterConfiguration/wprt:InputBins/wprt:InputBinEntry[@wprt:Name="Envelope Feeder" or @wprt:Name="EnvelopeFeeder"]/wprt:MediaColor' type="BIDI_STRING" drvPrinterEvent="true" />
            <Value name="FeedDirection" query="wprt:PrinterConfiguration" filter='wprt:PrinterConfiguration/wprt:InputBins/wprt:InputBinEntry[@wprt:Name="Envelope Feeder" or @wprt:Name="EnvelopeFeeder"]/wprt:FeedDirection' type="BIDI_STRING" drvPrinterEvent="true" />
            <Value name="Capacity" query="wprt:PrinterConfiguration" filter='wprt:PrinterConfiguration/wprt:InputBins/wprt:InputBinEntry[@wprt:Name="Envelope Feeder" or @wprt:Name="EnvelopeFeeder"]/wprt:Capacity' type="BIDI_INT" drvPrinterEvent="true" />
            <Value name="Level" query="wprt:PrinterConfiguration" filter='wprt:PrinterConfiguration/wprt:InputBins/wprt:InputBinEntry[@wprt:Name="Envelope Feeder" or @wprt:Name="EnvelopeFeeder"]/wprt:Level' type="BIDI_INT" drvPrinterEvent="true" />
          </Property>
          <Property name="Tray016">
            <Installed name="Installed" query="wprt:PrinterConfiguration" filter='wprt:PrinterConfiguration/wprt:InputBins/wprt:InputBinEntry[@wprt:Name="photo" or @wprt:Name="Tray15"]' drvPrinterEvent="true"/>
            <Value name="MediaSize" query="wprt:PrinterConfiguration" filter='wprt:PrinterConfiguration/wprt:InputBins/wprt:InputBinEntry[@wprt:Name="photo" or @wprt:Name="Tray15"]/wprt:MediaSize' type="BIDI_STRING" drvPrinterEvent="true"/>
            <Value name="MediaType" query="wprt:PrinterConfiguration" filter='wprt:PrinterConfiguration/wprt:InputBins/wprt:InputBinEntry[@wprt:Name="photo" or @wprt:Name="Tray15"]/wprt:MediaType' type="BIDI_STRING" drvPrinterEvent="true"/>
            <Value name="MediaColor" query="wprt:PrinterConfiguration" filter='wprt:PrinterConfiguration/wprt:InputBins/wprt:InputBinEntry[@wprt:Name="photo" or @wprt:Name="Tray15"]/wprt:MediaColor' type="BIDI_STRING" drvPrinterEvent="true"/>
            <Value name="FeedDirection" query="wprt:PrinterConfiguration" filter='wprt:PrinterConfiguration/wprt:InputBins/wprt:InputBinEntry[@wprt:Name="photo" or @wprt:Name="Tray15"]/wprt:FeedDirection' type="BIDI_STRING" drvPrinterEvent="true"/>
            <Value name="Capacity" query="wprt:PrinterConfiguration" filter='wprt:PrinterConfiguration/wprt:InputBins/wprt:InputBinEntry[@wprt:Name="photo" or @wprt:Name="Tray15"]/wprt:Capacity' type="BIDI_INT" drvPrinterEvent="true"/>
            <Value name="Level" query="wprt:PrinterConfiguration" filter='wprt:PrinterConfiguration/wprt:InputBins/wprt:InputBinEntry[@wprt:Name="photo" or @wprt:Name="Tray15"]/wprt:Level' type="BIDI_INT" drvPrinterEvent="true"/>
            <Value name="Status" query="wprt:PrinterConfiguration" filter='wprt:PrinterConfiguration/wprt:InputBins/wprt:InputBinEntry[@wprt:Name="photo"]/hpprt:Status' type="BIDI_INT" drvPrinterEvent="true"/>
          </Property>
          <Property name="Tray017">
            <Installed name="Installed" query="wprt:PrinterConfiguration" filter='wprt:PrinterConfiguration/wprt:InputBins/wprt:InputBinEntry[@wprt:Name="Roll1" or @wprt:Name="Tray16"]' drvPrinterEvent="true"/>
            <Value name="MediaSize" query="wprt:PrinterConfiguration" filter='wprt:PrinterConfiguration/wprt:InputBins/wprt:InputBinEntry[@wprt:Name="Roll1" or @wprt:Name="Tray16"]/wprt:MediaSize' type="BIDI_STRING" drvPrinterEvent="true"/>
            <Value name="MediaType" query="wprt:PrinterConfiguration" filter='wprt:PrinterConfiguration/wprt:InputBins/wprt:InputBinEntry[@wprt:Name="Roll1" or @wprt:Name="Tray16"]/wprt:MediaType' type="BIDI_STRING" drvPrinterEvent="true"/>
            <Value name="MediaColor" query="wprt:PrinterConfiguration" filter='wprt:PrinterConfiguration/wprt:InputBins/wprt:InputBinEntry[@wprt:Name="Roll1" or @wprt:Name="Tray16"]/wprt:MediaColor' type="BIDI_STRING" drvPrinterEvent="true"/>
            <Value name="FeedDirection" query="wprt:PrinterConfiguration" filter='wprt:PrinterConfiguration/wprt:InputBins/wprt:InputBinEntry[@wprt:Name="Roll1" or @wprt:Name="Tray16"]/wprt:FeedDirection' type="BIDI_STRING" drvPrinterEvent="true"/>
            <Value name="Capacity" query="wprt:PrinterConfiguration" filter='wprt:PrinterConfiguration/wprt:InputBins/wprt:InputBinEntry[@wprt:Name="Roll1" or @wprt:Name="Tray16"]/wprt:Capacity' type="BIDI_INT" drvPrinterEvent="true"/>
            <Value name="Level" query="wprt:PrinterConfiguration" filter='wprt:PrinterConfiguration/wprt:InputBins/wprt:InputBinEntry[@wprt:Name="Roll1" or @wprt:Name="Tray16"]/wprt:Level' type="BIDI_INT" drvPrinterEvent="true"/>
            <Value name="Status" query="wprt:PrinterConfiguration" filter='wprt:PrinterConfiguration/wprt:InputBins/wprt:InputBinEntry[@wprt:Name="Roll1"]/hpprt:Status' type="BIDI_INT" drvPrinterEvent="true"/>
          </Property>
          <Property name="Tray018">
            <Installed name="Installed" query="wprt:PrinterConfiguration" filter='wprt:PrinterConfiguration/wprt:InputBins/wprt:InputBinEntry[@wprt:Name="Roll2" or @wprt:Name="Tray17"]' drvPrinterEvent="true"/>
            <Value name="MediaSize" query="wprt:PrinterConfiguration" filter='wprt:PrinterConfiguration/wprt:InputBins/wprt:InputBinEntry[@wprt:Name="Roll2" or @wprt:Name="Tray17"]/wprt:MediaSize' type="BIDI_STRING" drvPrinterEvent="true"/>
            <Value name="MediaType" query="wprt:PrinterConfiguration" filter='wprt:PrinterConfiguration/wprt:InputBins/wprt:InputBinEntry[@wprt:Name="Roll2" or @wprt:Name="Tray17"]/wprt:MediaType' type="BIDI_STRING" drvPrinterEvent="true"/>
            <Value name="MediaColor" query="wprt:PrinterConfiguration" filter='wprt:PrinterConfiguration/wprt:InputBins/wprt:InputBinEntry[@wprt:Name="Roll2" or @wprt:Name="Tray17"]/wprt:MediaColor' type="BIDI_STRING" drvPrinterEvent="true"/>
            <Value name="FeedDirection" query="wprt:PrinterConfiguration" filter='wprt:PrinterConfiguration/wprt:InputBins/wprt:InputBinEntry[@wprt:Name="Roll2" or @wprt:Name="Tray17"]/wprt:FeedDirection' type="BIDI_STRING" drvPrinterEvent="true"/>
            <Value name="Capacity" query="wprt:PrinterConfiguration" filter='wprt:PrinterConfiguration/wprt:InputBins/wprt:InputBinEntry[@wprt:Name="Roll2" or @wprt:Name="Tray17"]/wprt:Capacity' type="BIDI_INT" drvPrinterEvent="true"/>
            <Value name="Level" query="wprt:PrinterConfiguration" filter='wprt:PrinterConfiguration/wprt:InputBins/wprt:InputBinEntry[@wprt:Name="Roll2" or @wprt:Name="Tray17"]/wprt:Level' type="BIDI_INT" drvPrinterEvent="true"/>
            <Value name="Status" query="wprt:PrinterConfiguration" filter='wprt:PrinterConfiguration/wprt:InputBins/wprt:InputBinEntry[@wprt:Name="Roll2"]/hpprt:Status' type="BIDI_INT" drvPrinterEvent="true"/>
          </Property>
          <Property name="Tray019">
            <Installed name="Installed" query="wprt:PrinterConfiguration" filter='wprt:PrinterConfiguration/wprt:InputBins/wprt:InputBinEntry[@wprt:Name="Roll3" or @wprt:Name="Tray18"]' drvPrinterEvent="true"/>
            <Value name="MediaSize" query="wprt:PrinterConfiguration" filter='wprt:PrinterConfiguration/wprt:InputBins/wprt:InputBinEntry[@wprt:Name="Roll3" or @wprt:Name="Tray18"]/wprt:MediaSize' type="BIDI_STRING" drvPrinterEvent="true"/>
            <Value name="MediaType" query="wprt:PrinterConfiguration" filter='wprt:PrinterConfiguration/wprt:InputBins/wprt:InputBinEntry[@wprt:Name="Roll3" or @wprt:Name="Tray18"]/wprt:MediaType' type="BIDI_STRING" drvPrinterEvent="true"/>
            <Value name="MediaColor" query="wprt:PrinterConfiguration" filter='wprt:PrinterConfiguration/wprt:InputBins/wprt:InputBinEntry[@wprt:Name="Roll3" or @wprt:Name="Tray18"]/wprt:MediaColor' type="BIDI_STRING" drvPrinterEvent="true"/>
            <Value name="FeedDirection" query="wprt:PrinterConfiguration" filter='wprt:PrinterConfiguration/wprt:InputBins/wprt:InputBinEntry[@wprt:Name="Roll3" or @wprt:Name="Tray18"]/wprt:FeedDirection' type="BIDI_STRING" drvPrinterEvent="true"/>
            <Value name="Capacity" query="wprt:PrinterConfiguration" filter='wprt:PrinterConfiguration/wprt:InputBins/wprt:InputBinEntry[@wprt:Name="Roll3" or @wprt:Name="Tray18"]/wprt:Capacity' type="BIDI_INT" drvPrinterEvent="true"/>
            <Value name="Level" query="wprt:PrinterConfiguration" filter='wprt:PrinterConfiguration/wprt:InputBins/wprt:InputBinEntry[@wprt:Name="Roll3" or @wprt:Name="Tray18"]/wprt:Level' type="BIDI_INT" drvPrinterEvent="true"/>
            <Value name="Status" query="wprt:PrinterConfiguration" filter='wprt:PrinterConfiguration/wprt:InputBins/wprt:InputBinEntry[@wprt:Name="Roll3"]/hpprt:Status' type="BIDI_INT" drvPrinterEvent="true"/>
          </Property>
          <Property name="Tray020">
            <Installed name="Installed" query="wprt:PrinterConfiguration" filter='wprt:PrinterConfiguration/wprt:InputBins/wprt:InputBinEntry[@wprt:Name="Roll4" or @wprt:Name="Tray19"]' drvPrinterEvent="true"/>
            <Value name="MediaSize" query="wprt:PrinterConfiguration" filter='wprt:PrinterConfiguration/wprt:InputBins/wprt:InputBinEntry[@wprt:Name="Roll4" or @wprt:Name="Tray19"]/wprt:MediaSize' type="BIDI_STRING" drvPrinterEvent="true"/>
            <Value name="MediaType" query="wprt:PrinterConfiguration" filter='wprt:PrinterConfiguration/wprt:InputBins/wprt:InputBinEntry[@wprt:Name="Roll4" or @wprt:Name="Tray19"]/wprt:MediaType' type="BIDI_STRING" drvPrinterEvent="true"/>
            <Value name="MediaColor" query="wprt:PrinterConfiguration" filter='wprt:PrinterConfiguration/wprt:InputBins/wprt:InputBinEntry[@wprt:Name="Roll4" or @wprt:Name="Tray19"]/wprt:MediaColor' type="BIDI_STRING" drvPrinterEvent="true"/>
            <Value name="FeedDirection" query="wprt:PrinterConfiguration" filter='wprt:PrinterConfiguration/wprt:InputBins/wprt:InputBinEntry[@wprt:Name="Roll4" or @wprt:Name="Tray19"]/wprt:FeedDirection' type="BIDI_STRING" drvPrinterEvent="true"/>
            <Value name="Capacity" query="wprt:PrinterConfiguration" filter='wprt:PrinterConfiguration/wprt:InputBins/wprt:InputBinEntry[@wprt:Name="Roll4" or @wprt:Name="Tray19"]/wprt:Capacity' type="BIDI_INT" drvPrinterEvent="true"/>
            <Value name="Level" query="wprt:PrinterConfiguration" filter='wprt:PrinterConfiguration/wprt:InputBins/wprt:InputBinEntry[@wprt:Name="Roll4" or @wprt:Name="Tray19"]/wprt:Level' type="BIDI_INT" drvPrinterEvent="true"/>
            <Value name="Status" query="wprt:PrinterConfiguration" filter='wprt:PrinterConfiguration/wprt:InputBins/wprt:InputBinEntry[@wprt:Name="Roll4"]/hpprt:Status' type="BIDI_INT" drvPrinterEvent="true"/>
          </Property>
          <Property name="Tray021">
            <Installed name="Installed" query="wprt:PrinterConfiguration" filter='wprt:PrinterConfiguration/wprt:InputBins/wprt:InputBinEntry[@wprt:Name="Roll5" or @wprt:Name="Tray20"]' drvPrinterEvent="true"/>
            <Value name="MediaSize" query="wprt:PrinterConfiguration" filter='wprt:PrinterConfiguration/wprt:InputBins/wprt:InputBinEntry[@wprt:Name="Roll5" or @wprt:Name="Tray20"]/wprt:MediaSize' type="BIDI_STRING" drvPrinterEvent="true"/>
            <Value name="MediaType" query="wprt:PrinterConfiguration" filter='wprt:PrinterConfiguration/wprt:InputBins/wprt:InputBinEntry[@wprt:Name="Roll5" or @wprt:Name="Tray20"]/wprt:MediaType' type="BIDI_STRING" drvPrinterEvent="true"/>
            <Value name="MediaColor" query="wprt:PrinterConfiguration" filter='wprt:PrinterConfiguration/wprt:InputBins/wprt:InputBinEntry[@wprt:Name="Roll5" or @wprt:Name="Tray20"]/wprt:MediaColor' type="BIDI_STRING" drvPrinterEvent="true"/>
            <Value name="FeedDirection" query="wprt:PrinterConfiguration" filter='wprt:PrinterConfiguration/wprt:InputBins/wprt:InputBinEntry[@wprt:Name="Roll5" or @wprt:Name="Tray20"]/wprt:FeedDirection' type="BIDI_STRING" drvPrinterEvent="true"/>
            <Value name="Capacity" query="wprt:PrinterConfiguration" filter='wprt:PrinterConfiguration/wprt:InputBins/wprt:InputBinEntry[@wprt:Name="Roll5" or @wprt:Name="Tray20"]/wprt:Capacity' type="BIDI_INT" drvPrinterEvent="true"/>
            <Value name="Level" query="wprt:PrinterConfiguration" filter='wprt:PrinterConfiguration/wprt:InputBins/wprt:InputBinEntry[@wprt:Name="Roll5" or @wprt:Name="Tray20"]/wprt:Level' type="BIDI_INT" drvPrinterEvent="true"/>
            <Value name="Status" query="wprt:PrinterConfiguration" filter='wprt:PrinterConfiguration/wprt:InputBins/wprt:InputBinEntry[@wprt:Name="Roll5"]/hpprt:Status' type="BIDI_INT" drvPrinterEvent="true"/>
          </Property>
          <Property name="Tray022">
            <Installed name="Installed" query="wprt:PrinterConfiguration" filter='wprt:PrinterConfiguration/wprt:InputBins/wprt:InputBinEntry[@wprt:Name="Roll6" or @wprt:Name="Tray21"]' drvPrinterEvent="true"/>
            <Value name="MediaSize" query="wprt:PrinterConfiguration" filter='wprt:PrinterConfiguration/wprt:InputBins/wprt:InputBinEntry[@wprt:Name="Roll6" or @wprt:Name="Tray21"]/wprt:MediaSize' type="BIDI_STRING" drvPrinterEvent="true"/>
            <Value name="MediaType" query="wprt:PrinterConfiguration" filter='wprt:PrinterConfiguration/wprt:InputBins/wprt:InputBinEntry[@wprt:Name="Roll6" or @wprt:Name="Tray21"]/wprt:MediaType' type="BIDI_STRING" drvPrinterEvent="true"/>
            <Value name="MediaColor" query="wprt:PrinterConfiguration" filter='wprt:PrinterConfiguration/wprt:InputBins/wprt:InputBinEntry[@wprt:Name="Roll6" or @wprt:Name="Tray21"]/wprt:MediaColor' type="BIDI_STRING" drvPrinterEvent="true"/>
            <Value name="FeedDirection" query="wprt:PrinterConfiguration" filter='wprt:PrinterConfiguration/wprt:InputBins/wprt:InputBinEntry[@wprt:Name="Roll6" or @wprt:Name="Tray21"]/wprt:FeedDirection' type="BIDI_STRING" drvPrinterEvent="true"/>
            <Value name="Capacity" query="wprt:PrinterConfiguration" filter='wprt:PrinterConfiguration/wprt:InputBins/wprt:InputBinEntry[@wprt:Name="Roll6" or @wprt:Name="Tray21"]/wprt:Capacity' type="BIDI_INT" drvPrinterEvent="true"/>
            <Value name="Level" query="wprt:PrinterConfiguration" filter='wprt:PrinterConfiguration/wprt:InputBins/wprt:InputBinEntry[@wprt:Name="Roll6" or @wprt:Name="Tray21"]/wprt:Level' type="BIDI_INT" drvPrinterEvent="true"/>
            <Value name="Status" query="wprt:PrinterConfiguration" filter='wprt:PrinterConfiguration/wprt:InputBins/wprt:InputBinEntry[@wprt:Name="Roll6"]/hpprt:Status' type="BIDI_INT" drvPrinterEvent="true"/>
          </Property>
          <Property name="Tray023">
            <Installed name="Installed" query="wprt:PrinterConfiguration" filter='wprt:PrinterConfiguration/wprt:InputBins/wprt:InputBinEntry[@wprt:Name="Roll7" or @wprt:Name="Tray22"]' drvPrinterEvent="true"/>
            <Value name="MediaSize" query="wprt:PrinterConfiguration" filter='wprt:PrinterConfiguration/wprt:InputBins/wprt:InputBinEntry[@wprt:Name="Roll7" or @wprt:Name="Tray22"]/wprt:MediaSize' type="BIDI_STRING" drvPrinterEvent="true"/>
            <Value name="MediaType" query="wprt:PrinterConfiguration" filter='wprt:PrinterConfiguration/wprt:InputBins/wprt:InputBinEntry[@wprt:Name="Roll7" or @wprt:Name="Tray22"]/wprt:MediaType' type="BIDI_STRING" drvPrinterEvent="true"/>
            <Value name="MediaColor" query="wprt:PrinterConfiguration" filter='wprt:PrinterConfiguration/wprt:InputBins/wprt:InputBinEntry[@wprt:Name="Roll7" or @wprt:Name="Tray22"]/wprt:MediaColor' type="BIDI_STRING" drvPrinterEvent="true"/>
            <Value name="FeedDirection" query="wprt:PrinterConfiguration" filter='wprt:PrinterConfiguration/wprt:InputBins/wprt:InputBinEntry[@wprt:Name="Roll7" or @wprt:Name="Tray22"]/wprt:FeedDirection' type="BIDI_STRING" drvPrinterEvent="true"/>
            <Value name="Capacity" query="wprt:PrinterConfiguration" filter='wprt:PrinterConfiguration/wprt:InputBins/wprt:InputBinEntry[@wprt:Name="Roll7" or @wprt:Name="Tray22"]/wprt:Capacity' type="BIDI_INT" drvPrinterEvent="true"/>
            <Value name="Level" query="wprt:PrinterConfiguration" filter='wprt:PrinterConfiguration/wprt:InputBins/wprt:InputBinEntry[@wprt:Name="Roll7" or @wprt:Name="Tray22"]/wprt:Level' type="BIDI_INT" drvPrinterEvent="true"/>
            <Value name="Status" query="wprt:PrinterConfiguration" filter='wprt:PrinterConfiguration/wprt:InputBins/wprt:InputBinEntry[@wprt:Name="Roll7"]/hpprt:Status' type="BIDI_INT" drvPrinterEvent="true"/>
          </Property>
          <Property name="Tray024">
            <Installed name="Installed" query="wprt:PrinterConfiguration" filter='wprt:PrinterConfiguration/wprt:InputBins/wprt:InputBinEntry[@wprt:Name="Roll8" or @wprt:Name="Tray23"]' drvPrinterEvent="true"/>
            <Value name="MediaSize" query="wprt:PrinterConfiguration" filter='wprt:PrinterConfiguration/wprt:InputBins/wprt:InputBinEntry[@wprt:Name="Roll8" or @wprt:Name="Tray23"]/wprt:MediaSize' type="BIDI_STRING" drvPrinterEvent="true"/>
            <Value name="MediaType" query="wprt:PrinterConfiguration" filter='wprt:PrinterConfiguration/wprt:InputBins/wprt:InputBinEntry[@wprt:Name="Roll8" or @wprt:Name="Tray23"]/wprt:MediaType' type="BIDI_STRING" drvPrinterEvent="true"/>
            <Value name="MediaColor" query="wprt:PrinterConfiguration" filter='wprt:PrinterConfiguration/wprt:InputBins/wprt:InputBinEntry[@wprt:Name="Roll8" or @wprt:Name="Tray23"]/wprt:MediaColor' type="BIDI_STRING" drvPrinterEvent="true"/>
            <Value name="FeedDirection" query="wprt:PrinterConfiguration" filter='wprt:PrinterConfiguration/wprt:InputBins/wprt:InputBinEntry[@wprt:Name="Roll8" or @wprt:Name="Tray23"]/wprt:FeedDirection' type="BIDI_STRING" drvPrinterEvent="true"/>
            <Value name="Capacity" query="wprt:PrinterConfiguration" filter='wprt:PrinterConfiguration/wprt:InputBins/wprt:InputBinEntry[@wprt:Name="Roll8" or @wprt:Name="Tray23"]/wprt:Capacity' type="BIDI_INT" drvPrinterEvent="true"/>
            <Value name="Level" query="wprt:PrinterConfiguration" filter='wprt:PrinterConfiguration/wprt:InputBins/wprt:InputBinEntry[@wprt:Name="Roll8" or @wprt:Name="Tray23"]/wprt:Level' type="BIDI_INT" drvPrinterEvent="true"/>
            <Value name="Status" query="wprt:PrinterConfiguration" filter='wprt:PrinterConfiguration/wprt:InputBins/wprt:InputBinEntry[@wprt:Name="Roll8"]/hpprt:Status' type="BIDI_INT" drvPrinterEvent="true"/>
          </Property>
          <Property name="Tray025">
            <Installed name="Installed" query="wprt:PrinterConfiguration" filter='wprt:PrinterConfiguration/wprt:InputBins/wprt:InputBinEntry[@wprt:Name="Manual Sheet" or @wprt:Name="Tray24"]' drvPrinterEvent="true"/>
            <Value name="MediaSize" query="wprt:PrinterConfiguration" filter='wprt:PrinterConfiguration/wprt:InputBins/wprt:InputBinEntry[@wprt:Name="Manual Sheet" or @wprt:Name="Tray24"]/wprt:MediaSize' type="BIDI_STRING" drvPrinterEvent="true"/>
            <Value name="MediaType" query="wprt:PrinterConfiguration" filter='wprt:PrinterConfiguration/wprt:InputBins/wprt:InputBinEntry[@wprt:Name="Manual Sheet" or @wprt:Name="Tray24"]/wprt:MediaType' type="BIDI_STRING" drvPrinterEvent="true"/>
            <Value name="MediaColor" query="wprt:PrinterConfiguration" filter='wprt:PrinterConfiguration/wprt:InputBins/wprt:InputBinEntry[@wprt:Name="Manual Sheet" or @wprt:Name="Tray24"]/wprt:MediaColor' type="BIDI_STRING" drvPrinterEvent="true"/>
            <Value name="FeedDirection" query="wprt:PrinterConfiguration" filter='wprt:PrinterConfiguration/wprt:InputBins/wprt:InputBinEntry[@wprt:Name="Manual Sheet" or @wprt:Name="Tray24"]/wprt:FeedDirection' type="BIDI_STRING" drvPrinterEvent="true"/>
            <Value name="Capacity" query="wprt:PrinterConfiguration" filter='wprt:PrinterConfiguration/wprt:InputBins/wprt:InputBinEntry[@wprt:Name="Manual Sheet" or @wprt:Name="Tray24"]/wprt:Capacity' type="BIDI_INT" drvPrinterEvent="true"/>
            <Value name="Level" query="wprt:PrinterConfiguration" filter='wprt:PrinterConfiguration/wprt:InputBins/wprt:InputBinEntry[@wprt:Name="Manual Sheet" or @wprt:Name="Tray24"]/wprt:Level' type="BIDI_INT" drvPrinterEvent="true"/>
            <Value name="Status" query="wprt:PrinterConfiguration" filter='wprt:PrinterConfiguration/wprt:InputBins/wprt:InputBinEntry[@wprt:Name="Manual Sheet"]/hpprt:Status' type="BIDI_INT" drvPrinterEvent="true"/>
          </Property>
          <Property name="Tray026">
            <Installed name="Installed" query="wprt:PrinterConfiguration" filter='wprt:PrinterConfiguration/wprt:InputBins/wprt:InputBinEntry[@wprt:Name="Tray" or @wprt:Name="Tray25"]' drvPrinterEvent="true"/>
            <Value name="MediaSize" query="wprt:PrinterConfiguration" filter='wprt:PrinterConfiguration/wprt:InputBins/wprt:InputBinEntry[@wprt:Name="Tray" or @wprt:Name="Tray25"]/wprt:MediaSize' type="BIDI_STRING" drvPrinterEvent="true"/>
            <Value name="MediaType" query="wprt:PrinterConfiguration" filter='wprt:PrinterConfiguration/wprt:InputBins/wprt:InputBinEntry[@wprt:Name="Tray" or @wprt:Name="Tray25"]/wprt:MediaType' type="BIDI_STRING" drvPrinterEvent="true"/>
            <Value name="MediaColor" query="wprt:PrinterConfiguration" filter='wprt:PrinterConfiguration/wprt:InputBins/wprt:InputBinEntry[@wprt:Name="Tray" or @wprt:Name="Tray25"]/wprt:MediaColor' type="BIDI_STRING" drvPrinterEvent="true"/>
            <Value name="FeedDirection" query="wprt:PrinterConfiguration" filter='wprt:PrinterConfiguration/wprt:InputBins/wprt:InputBinEntry[@wprt:Name="Tray" or @wprt:Name="Tray25"]/wprt:FeedDirection' type="BIDI_STRING" drvPrinterEvent="true"/>
            <Value name="Capacity" query="wprt:PrinterConfiguration" filter='wprt:PrinterConfiguration/wprt:InputBins/wprt:InputBinEntry[@wprt:Name="Tray" or @wprt:Name="Tray25"]/wprt:Capacity' type="BIDI_INT" drvPrinterEvent="true"/>
            <Value name="Level" query="wprt:PrinterConfiguration" filter='wprt:PrinterConfiguration/wprt:InputBins/wprt:InputBinEntry[@wprt:Name="Tray" or @wprt:Name="Tray25"]/wprt:Level' type="BIDI_INT" drvPrinterEvent="true"/>
            <Value name="Status" query="wprt:PrinterConfiguration" filter='wprt:PrinterConfiguration/wprt:InputBins/wprt:InputBinEntry[@wprt:Name="Tray"]/hpprt:Status' type="BIDI_INT" drvPrinterEvent="true"/>
          </Property>
          <Property name="Tray027">
            <Installed name="Installed" query="wprt:PrinterConfiguration" filter='wprt:PrinterConfiguration/wprt:InputBins/wprt:InputBinEntry[@wprt:Name="Sheet Feeder" or @wprt:Name="Tray26"]' drvPrinterEvent="true"/>
            <Value name="MediaSize" query="wprt:PrinterConfiguration" filter='wprt:PrinterConfiguration/wprt:InputBins/wprt:InputBinEntry[@wprt:Name="Sheet Feeder" or @wprt:Name="Tray26"]/wprt:MediaSize' type="BIDI_STRING" drvPrinterEvent="true"/>
            <Value name="MediaType" query="wprt:PrinterConfiguration" filter='wprt:PrinterConfiguration/wprt:InputBins/wprt:InputBinEntry[@wprt:Name="Sheet Feeder" or @wprt:Name="Tray26"]/wprt:MediaType' type="BIDI_STRING" drvPrinterEvent="true"/>
            <Value name="MediaColor" query="wprt:PrinterConfiguration" filter='wprt:PrinterConfiguration/wprt:InputBins/wprt:InputBinEntry[@wprt:Name="Sheet Feeder" or @wprt:Name="Tray26"]/wprt:MediaColor' type="BIDI_STRING" drvPrinterEvent="true"/>
            <Value name="FeedDirection" query="wprt:PrinterConfiguration" filter='wprt:PrinterConfiguration/wprt:InputBins/wprt:InputBinEntry[@wprt:Name="Sheet Feeder" or @wprt:Name="Tray26"]/wprt:FeedDirection' type="BIDI_STRING" drvPrinterEvent="true"/>
            <Value name="Capacity" query="wprt:PrinterConfiguration" filter='wprt:PrinterConfiguration/wprt:InputBins/wprt:InputBinEntry[@wprt:Name="Sheet Feeder" or @wprt:Name="Tray26"]/wprt:Capacity' type="BIDI_INT" drvPrinterEvent="true"/>
            <Value name="Level" query="wprt:PrinterConfiguration" filter='wprt:PrinterConfiguration/wprt:InputBins/wprt:InputBinEntry[@wprt:Name="Sheet Feeder" or @wprt:Name="Tray26"]/wprt:Level' type="BIDI_INT" drvPrinterEvent="true"/>
            <Value name="Status" query="wprt:PrinterConfiguration" filter='wprt:PrinterConfiguration/wprt:InputBins/wprt:InputBinEntry[@wprt:Name="Sheet Feeder"]/hpprt:Status' type="BIDI_INT" drvPrinterEvent="true"/>
          </Property>
	    	</Property>
      </Property>
      <Property name="Finishing">
        <!--Queries for OutputBins-->
        <Property name="OutputBins">
          <Property name="Bin1">
            <Value name="Name" query="wprt:PrinterConfiguration" filter='wprt:PrinterConfiguration/wprt:OutputBins/wprt:OutputBinEntry[1]/@wprt:Name' drvPrinterEvent="true" type="BIDI_STRING" />
            <Value name="Booklet" query="wprt:PrinterConfiguration" filter='wprt:PrinterConfiguration/wprt:OutputBins/wprt:OutputBinEntry[1]/@hpprt:PhysicalFoldUnit' drvPrinterEvent="true" type="BIDI_STRING" />
            <Value name="PageDelivery" query="wprt:PrinterConfiguration" filter='wprt:PrinterConfiguration/wprt:OutputBins/wprt:OutputBinEntry[1]/@hpprt:PageDelivery' drvPrinterEvent="true" type="BIDI_STRING" />
            <Value name="OpMode" query="wprt:PrinterConfiguration" filter='wprt:PrinterConfiguration/wprt:OutputBins/wprt:OutputBinEntry[1]/@hpprt:OutputBinMode' drvPrinterEvent="true" type="BIDI_STRING" />
          </Property>
          <Property name="Bin2">
            <Value name="Name" query="wprt:PrinterConfiguration" filter='wprt:PrinterConfiguration/wprt:OutputBins/wprt:OutputBinEntry[2]/@wprt:Name' drvPrinterEvent="true" type="BIDI_STRING" />
            <Value name="Booklet" query="wprt:PrinterConfiguration" filter='wprt:PrinterConfiguration/wprt:OutputBins/wprt:OutputBinEntry[2]/@hpprt:PhysicalFoldUnit' drvPrinterEvent="true" type="BIDI_STRING" />
            <Value name="PageDelivery" query="wprt:PrinterConfiguration" filter='wprt:PrinterConfiguration/wprt:OutputBins/wprt:OutputBinEntry[2]/@hpprt:PageDelivery' drvPrinterEvent="true" type="BIDI_STRING" />
            <Value name="OpMode" query="wprt:PrinterConfiguration" filter='wprt:PrinterConfiguration/wprt:OutputBins/wprt:OutputBinEntry[2]/@hpprt:OutputBinMode' drvPrinterEvent="true" type="BIDI_STRING" />
          </Property>
          <Property name="Bin3">
            <Value name="Name" query="wprt:PrinterConfiguration" filter='wprt:PrinterConfiguration/wprt:OutputBins/wprt:OutputBinEntry[3]/@wprt:Name' drvPrinterEvent="true" type="BIDI_STRING" />
            <Value name="Booklet" query="wprt:PrinterConfiguration" filter='wprt:PrinterConfiguration/wprt:OutputBins/wprt:OutputBinEntry[3]/@hpprt:PhysicalFoldUnit' drvPrinterEvent="true" type="BIDI_STRING" />
            <Value name="PageDelivery" query="wprt:PrinterConfiguration" filter='wprt:PrinterConfiguration/wprt:OutputBins/wprt:OutputBinEntry[3]/@hpprt:PageDelivery' drvPrinterEvent="true" type="BIDI_STRING" />
            <Value name="OpMode" query="wprt:PrinterConfiguration" filter='wprt:PrinterConfiguration/wprt:OutputBins/wprt:OutputBinEntry[3]/@hpprt:OutputBinMode' drvPrinterEvent="true" type="BIDI_STRING" />
          </Property>
          <Property name="Bin4">
            <Value name="Name" query="wprt:PrinterConfiguration" filter='wprt:PrinterConfiguration/wprt:OutputBins/wprt:OutputBinEntry[4]/@wprt:Name' drvPrinterEvent="true" type="BIDI_STRING" />
            <Value name="Booklet" query="wprt:PrinterConfiguration" filter='wprt:PrinterConfiguration/wprt:OutputBins/wprt:OutputBinEntry[4]/@hpprt:PhysicalFoldUnit' drvPrinterEvent="true" type="BIDI_STRING" />
            <Value name="PageDelivery" query="wprt:PrinterConfiguration" filter='wprt:PrinterConfiguration/wprt:OutputBins/wprt:OutputBinEntry[4]/@hpprt:PageDelivery' drvPrinterEvent="true" type="BIDI_STRING" />
            <Value name="OpMode" query="wprt:PrinterConfiguration" filter='wprt:PrinterConfiguration/wprt:OutputBins/wprt:OutputBinEntry[4]/@hpprt:OutputBinMode' drvPrinterEvent="true" type="BIDI_STRING" />
          </Property>
          <Property name="Bin5">
            <Value name="Name" query="wprt:PrinterConfiguration" filter='wprt:PrinterConfiguration/wprt:OutputBins/wprt:OutputBinEntry[5]/@wprt:Name' drvPrinterEvent="true" type="BIDI_STRING" />
            <Value name="Booklet" query="wprt:PrinterConfiguration" filter='wprt:PrinterConfiguration/wprt:OutputBins/wprt:OutputBinEntry[5]/@hpprt:PhysicalFoldUnit' drvPrinterEvent="true" type="BIDI_STRING" />
            <Value name="PageDelivery" query="wprt:PrinterConfiguration" filter='wprt:PrinterConfiguration/wprt:OutputBins/wprt:OutputBinEntry[5]/@hpprt:PageDelivery' drvPrinterEvent="true" type="BIDI_STRING" />
            <Value name="OpMode" query="wprt:PrinterConfiguration" filter='wprt:PrinterConfiguration/wprt:OutputBins/wprt:OutputBinEntry[5]/@hpprt:OutputBinMode' drvPrinterEvent="true" type="BIDI_STRING" />
          </Property>
          <Property name="Bin6">
            <Value name="Name" query="wprt:PrinterConfiguration" filter='wprt:PrinterConfiguration/wprt:OutputBins/wprt:OutputBinEntry[6]/@wprt:Name' drvPrinterEvent="true" type="BIDI_STRING" />
            <Value name="Booklet" query="wprt:PrinterConfiguration" filter='wprt:PrinterConfiguration/wprt:OutputBins/wprt:OutputBinEntry[6]/@hpprt:PhysicalFoldUnit' drvPrinterEvent="true" type="BIDI_STRING" />
            <Value name="PageDelivery" query="wprt:PrinterConfiguration" filter='wprt:PrinterConfiguration/wprt:OutputBins/wprt:OutputBinEntry[6]/@hpprt:PageDelivery' drvPrinterEvent="true" type="BIDI_STRING" />
            <Value name="OpMode" query="wprt:PrinterConfiguration" filter='wprt:PrinterConfiguration/wprt:OutputBins/wprt:OutputBinEntry[6]/@hpprt:OutputBinMode' drvPrinterEvent="true" type="BIDI_STRING" />
          </Property>
          <Property name="Bin7">
            <Value name="Name" query="wprt:PrinterConfiguration" filter='wprt:PrinterConfiguration/wprt:OutputBins/wprt:OutputBinEntry[7]/@wprt:Name' drvPrinterEvent="true" type="BIDI_STRING" />
            <Value name="Booklet" query="wprt:PrinterConfiguration" filter='wprt:PrinterConfiguration/wprt:OutputBins/wprt:OutputBinEntry[7]/@hpprt:PhysicalFoldUnit' drvPrinterEvent="true" type="BIDI_STRING" />
            <Value name="PageDelivery" query="wprt:PrinterConfiguration" filter='wprt:PrinterConfiguration/wprt:OutputBins/wprt:OutputBinEntry[7]/@hpprt:PageDelivery' drvPrinterEvent="true" type="BIDI_STRING" />
            <Value name="OpMode" query="wprt:PrinterConfiguration" filter='wprt:PrinterConfiguration/wprt:OutputBins/wprt:OutputBinEntry[7]/@hpprt:OutputBinMode' drvPrinterEvent="true" type="BIDI_STRING" />
          </Property>
          <Property name="Bin8">
            <Value name="Name" query="wprt:PrinterConfiguration" filter='wprt:PrinterConfiguration/wprt:OutputBins/wprt:OutputBinEntry[8]/@wprt:Name' drvPrinterEvent="true" type="BIDI_STRING" />
            <Value name="Booklet" query="wprt:PrinterConfiguration" filter='wprt:PrinterConfiguration/wprt:OutputBins/wprt:OutputBinEntry[8]/@hpprt:PhysicalFoldUnit' drvPrinterEvent="true" type="BIDI_STRING" />
            <Value name="PageDelivery" query="wprt:PrinterConfiguration" filter='wprt:PrinterConfiguration/wprt:OutputBins/wprt:OutputBinEntry[8]/@hpprt:PageDelivery' drvPrinterEvent="true" type="BIDI_STRING" />
            <Value name="OpMode" query="wprt:PrinterConfiguration" filter='wprt:PrinterConfiguration/wprt:OutputBins/wprt:OutputBinEntry[8]/@hpprt:OutputBinMode' drvPrinterEvent="true" type="BIDI_STRING" />
          </Property>
          <Property name="Bin9">
            <Value name="Name" query="wprt:PrinterConfiguration" filter='wprt:PrinterConfiguration/wprt:OutputBins/wprt:OutputBinEntry[9]/@wprt:Name' drvPrinterEvent="true" type="BIDI_STRING" />
            <Value name="Booklet" query="wprt:PrinterConfiguration" filter='wprt:PrinterConfiguration/wprt:OutputBins/wprt:OutputBinEntry[9]/@hpprt:PhysicalFoldUnit' drvPrinterEvent="true" type="BIDI_STRING" />
            <Value name="PageDelivery" query="wprt:PrinterConfiguration" filter='wprt:PrinterConfiguration/wprt:OutputBins/wprt:OutputBinEntry[9]/@hpprt:PageDelivery' drvPrinterEvent="true" type="BIDI_STRING" />
            <Value name="OpMode" query="wprt:PrinterConfiguration" filter='wprt:PrinterConfiguration/wprt:OutputBins/wprt:OutputBinEntry[9]/@hpprt:OutputBinMode' drvPrinterEvent="true" type="BIDI_STRING" />
          </Property>
          <Property name="Bin10">
            <Value name="Name" query="wprt:PrinterConfiguration" filter='wprt:PrinterConfiguration/wprt:OutputBins/wprt:OutputBinEntry[10]/@wprt:Name' drvPrinterEvent="true" type="BIDI_STRING" />
            <Value name="Booklet" query="wprt:PrinterConfiguration" filter='wprt:PrinterConfiguration/wprt:OutputBins/wprt:OutputBinEntry[10]/@hpprt:PhysicalFoldUnit' drvPrinterEvent="true" type="BIDI_STRING" />
            <Value name="PageDelivery" query="wprt:PrinterConfiguration" filter='wprt:PrinterConfiguration/wprt:OutputBins/wprt:OutputBinEntry[10]/@hpprt:PageDelivery' drvPrinterEvent="true" type="BIDI_STRING" />
            <Value name="OpMode" query="wprt:PrinterConfiguration" filter='wprt:PrinterConfiguration/wprt:OutputBins/wprt:OutputBinEntry[10]/@hpprt:OutputBinMode' drvPrinterEvent="true" type="BIDI_STRING" />
          </Property>
          <Property name="Bin11">
            <Value name="Name" query="wprt:PrinterConfiguration" filter='wprt:PrinterConfiguration/wprt:OutputBins/wprt:OutputBinEntry[11]/@wprt:Name' drvPrinterEvent="true" type="BIDI_STRING" />
            <Value name="Booklet" query="wprt:PrinterConfiguration" filter='wprt:PrinterConfiguration/wprt:OutputBins/wprt:OutputBinEntry[11]/@hpprt:PhysicalFoldUnit' drvPrinterEvent="true" type="BIDI_STRING" />
            <Value name="PageDelivery" query="wprt:PrinterConfiguration" filter='wprt:PrinterConfiguration/wprt:OutputBins/wprt:OutputBinEntry[11]/@hpprt:PageDelivery' drvPrinterEvent="true" type="BIDI_STRING" />
            <Value name="OpMode" query="wprt:PrinterConfiguration" filter='wprt:PrinterConfiguration/wprt:OutputBins/wprt:OutputBinEntry[11]/@hpprt:OutputBinMode' drvPrinterEvent="true" type="BIDI_STRING" />
          </Property>
          <Property name="Bin12">
            <Value name="Name" query="wprt:PrinterConfiguration" filter='wprt:PrinterConfiguration/wprt:OutputBins/wprt:OutputBinEntry[12]/@wprt:Name' drvPrinterEvent="true" type="BIDI_STRING" />
            <Value name="Booklet" query="wprt:PrinterConfiguration" filter='wprt:PrinterConfiguration/wprt:OutputBins/wprt:OutputBinEntry[12]/@hpprt:PhysicalFoldUnit' drvPrinterEvent="true" type="BIDI_STRING" />
            <Value name="PageDelivery" query="wprt:PrinterConfiguration" filter='wprt:PrinterConfiguration/wprt:OutputBins/wprt:OutputBinEntry[12]/@hpprt:PageDelivery' drvPrinterEvent="true" type="BIDI_STRING" />
            <Value name="OpMode" query="wprt:PrinterConfiguration" filter='wprt:PrinterConfiguration/wprt:OutputBins/wprt:OutputBinEntry[12]/@hpprt:OutputBinMode' drvPrinterEvent="true" type="BIDI_STRING" />
          </Property>
        </Property>
        <!--Queries for Stapling-->
        <Property name="BookletMakerUnit">
          <Value name="Installed" query="wprt:PrinterConfiguration" filter='wprt:PrinterCapabilities/wprt:JobValues/wprt:JobProcessing/wprt:JobFinishings/wprt:Staple/wprt:Location/wprt:AllowedValue[text()="SaddleStitch"]' drvPrinterEvent="true" type="BIDI_STRING"/>
          <Value name="FoldAndStitchSupport" query="wprt:PrinterCapabilities" filter='wprt:PrinterCapabilities/wprt:JobValues/wprt:JobProcessing/wprt:JobFinishings/wprt:Staple/wprt:Location/wprt:AllowedValue[text()="SaddleStitch"]' drvPrinterEvent="true" type="BIDI_STRING" />
          <Value name="FoldAndStitchDirection" query="wprt:PrinterCapabilities" filter='wprt:PrinterCapabilities/wprt:JobValues/wprt:JobProcessing/wprt:JobFinishings/wprt:Staple/wprt:Location/wprt:AllowedValue[text()="SaddleStitch"]/@hpprt:FoldDirection' drvPrinterEvent="true" type="BIDI_STRING" />
        </Property>
    	<Property name="Staplings">
          <Property name="StapletypeLeft1pt">
            <Value name="Installed" query="wprt:PrinterCapabilities" filter='wprt:PrinterCapabilities/wprt:JobValues/wprt:JobProcessing/wprt:JobFinishings/wprt:Staple/wprt:Location/wprt:AllowedValue[text()="StapleTopLeft"]' drvPrinterEvent="true" type="BIDI_STRING" />
          </Property>
          <Property name="StapletypeLeft2pt">
            <Value name="Installed" query="wprt:PrinterCapabilities" filter='wprt:PrinterCapabilities/wprt:JobValues/wprt:JobProcessing/wprt:JobFinishings/wprt:Staple/wprt:Location/wprt:AllowedValue[text()="StapleDualLeft"]' drvPrinterEvent="true" type="BIDI_STRING" />
          </Property>
          <Property name="StapletypeLeft3pt">
            <Value name="Installed" query="wprt:PrinterCapabilities" filter='wprt:PrinterCapabilities/wprt:JobValues/wprt:JobProcessing/wprt:JobFinishings/wprt:Staple/wprt:Location/wprt:AllowedValue[text()="StapleTripleLeft"]' drvPrinterEvent="true" type="BIDI_STRING" />
          </Property>
          <Property name="StapletypeRight1pt">
            <Value name="Installed" query="wprt:PrinterCapabilities" filter='wprt:PrinterCapabilities/wprt:JobValues/wprt:JobProcessing/wprt:JobFinishings/wprt:Staple/wprt:Location/wprt:AllowedValue[text()="StapleTopRight"]' drvPrinterEvent="true" type="BIDI_STRING" />
          </Property>
          <Property name="StapletypeRight2pt">
            <Value name="Installed" query="wprt:PrinterCapabilities" filter='wprt:PrinterCapabilities/wprt:JobValues/wprt:JobProcessing/wprt:JobFinishings/wprt:Staple/wprt:Location/wprt:AllowedValue[text()="StapleDualRight"]' drvPrinterEvent="true" type="BIDI_STRING" />
          </Property>
          <Property name="StapletypeRight3pt">
            <Value name="Installed" query="wprt:PrinterCapabilities" filter='wprt:PrinterCapabilities/wprt:JobValues/wprt:JobProcessing/wprt:JobFinishings/wprt:Staple/wprt:Location/wprt:AllowedValue[text()="StapleTripleRight"]' drvPrinterEvent="true" type="BIDI_STRING" />
          </Property>
          <Property name="StapletypeTop2pt">
            <Value name="Installed" query="wprt:PrinterCapabilities" filter='wprt:PrinterCapabilities/wprt:JobValues/wprt:JobProcessing/wprt:JobFinishings/wprt:Staple/wprt:Location/wprt:AllowedValue[text()="StapleDualTop"]' drvPrinterEvent="true" type="BIDI_STRING" />
          </Property>
          <Property name="StapletypeTop3pt">
            <Value name="Installed" query="wprt:PrinterCapabilities" filter='wprt:PrinterCapabilities/wprt:JobValues/wprt:JobProcessing/wprt:JobFinishings/wprt:Staple/wprt:Location/wprt:AllowedValue[text()="StapleTripleTop"]' drvPrinterEvent="true" type="BIDI_STRING" />
          </Property>
          <Property name="StapletypeBottom2pt">
            <Value name="Installed" query="wprt:PrinterCapabilities" filter='wprt:PrinterCapabilities/wprt:JobValues/wprt:JobProcessing/wprt:JobFinishings/wprt:Staple/wprt:Location/wprt:AllowedValue[text()="StapleDualBottom"]' drvPrinterEvent="true" type="BIDI_STRING" />
          </Property>
          <Property name="StapletypeBottom3pt">
            <Value name="Installed" query="wprt:PrinterCapabilities" filter='wprt:PrinterCapabilities/wprt:JobValues/wprt:JobProcessing/wprt:JobFinishings/wprt:Staple/wprt:Location/wprt:AllowedValue[text()="StapleTripleBottom"]' drvPrinterEvent="true" type="BIDI_STRING" />
          </Property>  
        </Property>
        <!--Queries for Punching-->
        <Property name="Punchings">
          <Property name="Region">
            <!--Value name="Name" query="wprt:PrinterCapabilities" filter='wprt:PrinterCapabilities/wprt:JobValues/wprt:JobProcessing/wprt:JobFinishings/wprt:HolePunch/wprt:Pattern[@hpprt:PunchUnitRegion="US"]/@hpprt:PunchUnitRegion' drvPrinterEvent="true" type="BIDI_STRING" /-->
            <Value name="Name" query="wprt:PrinterCapabilities" filter='wprt:PrinterCapabilities/wprt:JobValues/wprt:JobProcessing/wprt:JobFinishings/wprt:HolePunch/wprt:Pattern/wprt:AllowedValue[1]/@hpprt:PunchUnitRegion' drvPrinterEvent="true" type="BIDI_STRING" />
            <Value name="Name" query="wprt:PrinterCapabilities" filter='wprt:PrinterCapabilities/wprt:JobValues/wprt:JobProcessing/wprt:JobFinishings/wprt:HolePunch/wprt:Pattern/wprt:AllowedValue[2]/@hpprt:PunchUnitRegion' drvPrinterEvent="true" type="BIDI_STRING" />
            <Value name="Name" query="wprt:PrinterCapabilities" filter='wprt:PrinterCapabilities/wprt:JobValues/wprt:JobProcessing/wprt:JobFinishings/wprt:HolePunch/wprt:Pattern/wprt:AllowedValue[3]/@hpprt:PunchUnitRegion' drvPrinterEvent="true" type="BIDI_STRING" />
          </Property>
		  <Property name="PunchLeft2pt">
            <Value name="Installed" query="wprt:PrinterCapabilities" filter='wprt:PrinterCapabilities/wprt:JobValues/wprt:JobProcessing/wprt:JobFinishings/wprt:HolePunch/wprt:Pattern/wprt:AllowedValue[text()="TwoHolesLeft"]' drvPrinterEvent="true" type="BIDI_STRING" />
          </Property>
          <Property name="PunchRight2pt">
            <Value name="Installed" query="wprt:PrinterCapabilities" filter='wprt:PrinterCapabilities/wprt:JobValues/wprt:JobProcessing/wprt:JobFinishings/wprt:HolePunch/wprt:Pattern/wprt:AllowedValue[text()="TwoHolesRight"]' drvPrinterEvent="true" type="BIDI_STRING" />
          </Property>
          <Property name="PunchTop2pt">
            <Value name="Installed" query="wprt:PrinterCapabilities" filter='wprt:PrinterCapabilities/wprt:JobValues/wprt:JobProcessing/wprt:JobFinishings/wprt:HolePunch/wprt:Pattern/wprt:AllowedValue[text()="TwoHolesTop"]' drvPrinterEvent="true" type="BIDI_STRING" />
          </Property>
          <Property name="PunchBottom2pt">
            <Value name="Installed" query="wprt:PrinterCapabilities" filter='wprt:PrinterCapabilities/wprt:JobValues/wprt:JobProcessing/wprt:JobFinishings/wprt:HolePunch/wprt:Pattern/wprt:AllowedValue[text()="TwoHolesBottom"]' drvPrinterEvent="true" type="BIDI_STRING" />
          </Property>
          <Property name="PunchLeft3pt">
            <Value name="Installed" query="wprt:PrinterCapabilities" filter='wprt:PrinterCapabilities/wprt:JobValues/wprt:JobProcessing/wprt:JobFinishings/wprt:HolePunch/wprt:Pattern/wprt:AllowedValue[text()="ThreeHolesLeft"]' drvPrinterEvent="true" type="BIDI_STRING" />
          </Property>
          <Property name="PunchRight3pt">
            <Value name="Installed" query="wprt:PrinterCapabilities" filter='wprt:PrinterCapabilities/wprt:JobValues/wprt:JobProcessing/wprt:JobFinishings/wprt:HolePunch/wprt:Pattern/wprt:AllowedValue[text()="ThreeHolesRight"]' drvPrinterEvent="true" type="BIDI_STRING" />
          </Property>
          <Property name="PunchTop3pt">
            <Value name="Installed" query="wprt:PrinterCapabilities" filter='wprt:PrinterCapabilities/wprt:JobValues/wprt:JobProcessing/wprt:JobFinishings/wprt:HolePunch/wprt:Pattern/wprt:AllowedValue[text()="ThreeHolesTop"]' drvPrinterEvent="true" type="BIDI_STRING" />
          </Property>
          <Property name="PunchBottom3pt">
            <Value name="Installed" query="wprt:PrinterCapabilities" filter='wprt:PrinterCapabilities/wprt:JobValues/wprt:JobProcessing/wprt:JobFinishings/wprt:HolePunch/wprt:Pattern/wprt:AllowedValue[text()="ThreeHolesBottom"]' drvPrinterEvent="true" type="BIDI_STRING" />
          </Property>
          <Property name="PunchLeft4pt">
            <Value name="Installed" query="wprt:PrinterCapabilities" filter='wprt:PrinterCapabilities/wprt:JobValues/wprt:JobProcessing/wprt:JobFinishings/wprt:HolePunch/wprt:Pattern/wprt:AllowedValue[text()="FourHolesLeft"]' drvPrinterEvent="true" type="BIDI_STRING" />
          </Property>
          <Property name="PunchRight4pt">
            <Value name="Installed" query="wprt:PrinterCapabilities" filter='wprt:PrinterCapabilities/wprt:JobValues/wprt:JobProcessing/wprt:JobFinishings/wprt:HolePunch/wprt:Pattern/wprt:AllowedValue[text()="FourHolesRight"]' drvPrinterEvent="true" type="BIDI_STRING" />
          </Property>
          <Property name="PunchTop4pt">
            <Value name="Installed" query="wprt:PrinterCapabilities" filter='wprt:PrinterCapabilities/wprt:JobValues/wprt:JobProcessing/wprt:JobFinishings/wprt:HolePunch/wprt:Pattern/wprt:AllowedValue[text()="FourHolesTop"]' drvPrinterEvent="true" type="BIDI_STRING" />
          </Property>
          <Property name="PunchBottom4pt">
            <Value name="Installed" query="wprt:PrinterCapabilities" filter='wprt:PrinterCapabilities/wprt:JobValues/wprt:JobProcessing/wprt:JobFinishings/wprt:HolePunch/wprt:Pattern/wprt:AllowedValue[text()="FourHolesBottom"]' drvPrinterEvent="true" type="BIDI_STRING" />
          </Property>
        </Property>
        <!--Queries for Folding-->
        <Property name="Foldings">
          <Property name="CFold">
            <Value name="Installed" query="wprt:PrinterConfiguration" filter='wprt:PrinterCapabilities/wprt:JobValues/wprt:JobProcessing/wprt:JobFinishings/hpprt:OemFinishings/hpprt:OemFolds/hpprt:FoldPattern[@hpprt:FoldName="c-fold"]/@hpprt:FoldName' drvPrinterEvent="true" type="BIDI_STRING" />
          </Property>
          <Property name="CFold">
            <Value name="MaxSheetsPerSet" query="wprt:PrinterConfiguration" filter='wprt:PrinterCapabilities/wprt:JobValues/wprt:JobProcessing/wprt:JobFinishings/hpprt:OemFinishings/hpprt:OemFolds/hpprt:FoldPattern[@hpprt:FoldName="c-fold"]/@hpprt:MaxSheetsPerSet' drvPrinterEvent="true" type="BIDI_STRING" />
          </Property>
          <Property name="VFold">
            <Value name="Installed" query="wprt:PrinterCapabilities" filter='wprt:PrinterCapabilities/wprt:JobValues/wprt:JobProcessing/wprt:JobFinishings/hpprt:OemFinishings/hpprt:OemFolds/hpprt:FoldPattern[@hpprt:FoldName="v-fold"]/@hpprt:FoldName' drvPrinterEvent="true" type="BIDI_STRING" />
          </Property>
          <Property name="VFold">
            <Value name="MaxSheetsPerSet" query="wprt:PrinterCapabilities" filter='wprt:PrinterCapabilities/wprt:JobValues/wprt:JobProcessing/wprt:JobFinishings/hpprt:OemFinishings/hpprt:OemFolds/hpprt:FoldPattern[@hpprt:FoldName="v-fold"]/@hpprt:MaxSheetsPerSet' drvPrinterEvent="true" type="BIDI_STRING" />
          </Property>
        </Property>
	  </Property>
	</Property>
  </Schema>
  <PortStatus>
    <Status>
      <Keyword>None</Keyword>
      <Code>0</Code>
      <Severity>0</Severity>
    </Status>
    <Status>
      <Keyword>AttentionRequired</Keyword>
      <Code>8</Code>
      <Severity>1</Severity>
    </Status>
    <Status>
      <Keyword>DoorOpen</Keyword>
      <Code>7</Code>
      <Severity>1</Severity>
    </Status>
    <Status>
      <Keyword>MarkerFailure</Keyword>
      <ResourceIdOffset>0</ResourceIdOffset>
      <Severity>1</Severity>
    </Status>
    <Status>
      <Keyword>MarkerSupplyLow</Keyword>
      <Code>10</Code>
      <Severity>2</Severity>
    </Status>
    <Status>
      <Keyword>MarkerSupplyEmpty</Keyword>
      <Code>6</Code>
      <Severity>1</Severity>
    </Status>
    <Status>
      <Keyword>MediaEmpty</Keyword>
      <Code>3</Code>
      <Severity>1</Severity>
    </Status>
    <Status>
      <Keyword>MediaJam</Keyword>
      <Code>2</Code>
      <Severity>1</Severity>
    </Status>
    <Status>
      <Keyword>MediaLow</Keyword>
      <ResourceIdOffset>1</ResourceIdOffset>
      <Severity>2</Severity>
    </Status>
    <Status>
      <Keyword>MediaNeeded</Keyword>
      <Code>5</Code>
      <Severity>1</Severity>
    </Status>
    <Status>
      <Keyword>OutputAreaAlmostFull</Keyword>
      <ResourceIdOffset>2</ResourceIdOffset>
      <Severity>2</Severity>
    </Status>
    <Status>
      <Keyword>OutputAreaFull</Keyword>
      <Code>4</Code>
      <Severity>1</Severity>
    </Status>
    <Status>
      <Keyword>Paused</Keyword>
      <ResourceIdOffset>3</ResourceIdOffset>
      <Severity>3</Severity>
    </Status>
  </PortStatus>
</bidi:Definition>